,species,gender,type,Diet,Day,weight,height
1,HC,M,food,1,1,0.04,1.81
2,PB,F,egg laying,1,1,0.041,1.97
4,PB,F,food,1,1,0.05,2.64
5,HC,F,egg laying,1,1,0.048,1.89
6,BC,F,egg laying,1,1,0.049,2.76
7,HC,F,food,1,1,0.04,2.01
8,BR,F,food,1,1,0.044,2.56
9,BC,F,food,1,1,0.044,2.68
10,PB,M,food,1,1,0.047,1.97
11,BC,M,food,1,1,0.04,2.28
12,BC,F,egg laying,1,1,0.049,2.13
13,BR,M,food,1,1,0.05,2.52
14,BR,F,food,1,1,0.046,2.68
16,BC,F,egg laying,2,1,0.044,1.57
17,HC,F,food,2,1,0.049,1.69
18,BR,M,food,2,1,0.045,2.32
19,BR,F,food,2,1,0.052,2.13
20,HC,F,food,2,1,0.039,1.69
21,HC,M,food,2,1,0.041,1.77
22,PB,M,food,2,1,0.051,1.81
23,PB,M,food,2,1,0.042,1.89
24,BC,F,egg laying,2,1,0.047,1.77
25,BC,F,food,2,1,0.047,1.77
27,BR,F,egg laying,2,1,0.039,1.85
29,BC,F,egg laying,2,1,0.045,1.65
30,BR,F,egg laying,2,1,0.043,1.57
31,BC,M,food,3,1,0.04,2.05
32,BC,F,egg laying,3,1,0.04,2.4
33,BR,F,food,3,1,0.04,2.24
34,PB,F,egg laying,3,1,0.043,2.44
35,BR,F,egg laying,3,1,0.048,1.81
36,BC,M,food,3,1,0.048,1.93
38,HC,M,food,3,1,0.04,2.52
39,PB,F,egg laying,3,1,0.048,2.4
40,HC,F,food,3,1,0.046,2.56
41,BR,F,egg laying,3,1,0.038,2.05
42,PB,F,egg laying,3,1,0.046,2.09
43,PB,F,food,3,1,0.036,2.05
45,HC,F,egg laying,3,1,0.036,2.48
46,BR,F,food,4,1,0.043,2.09
47,PB,F,egg laying,4,1,0.053,2.32
48,HC,M,food,4,1,0.052,2.2
49,HC,F,egg laying,4,1,0.039,2.24
50,BC,F,egg laying,4,1,0.045,2.56
51,BC,M,food,4,1,0.054,1.89
52,BC,M,food,4,1,0.043,1.65
53,PB,F,egg laying,4,1,0.052,2.4
55,PB,M,food,4,1,0.044,2.44
56,BR,M,food,4,1,0.046,1.57
57,BC,F,egg laying,4,1,0.04,1.65
58,BR,F,egg laying,4,1,0.053,1.73
59,HC,F,egg laying,4,1,0.046,2.36
60,HC,F,food,4,1,0.042,2.36
61,HC,M,food,1,2,0.0531,1.83
62,PB,F,egg laying,1,2,0.0566,1.98
64,PB,F,food,1,2,0.0628,2.65
65,HC,F,egg laying,1,2,0.0589,1.9
66,BC,F,egg laying,1,2,0.0592,2.78
67,HC,F,food,1,2,0.058,2.02
68,BR,F,food,1,2,0.0553,2.58
69,BC,F,food,1,2,0.0595,2.7
70,PB,M,food,1,2,0.0658,1.99
71,BC,M,food,1,2,0.0599,2.3
72,BC,F,egg laying,1,2,0.0622,2.15
73,BR,M,food,1,2,0.0694,2.53
74,BR,F,food,1,2,0.0595,2.7
76,BC,F,egg laying,2,2,0.0638,1.59
77,HC,F,food,2,2,0.0667,1.7
78,BR,M,food,2,2,0.0623,2.33
79,BR,F,food,2,2,0.0703,2.14
80,HC,F,food,2,2,0.0528,1.71
81,HC,M,food,2,2,0.0563,1.79
82,PB,M,food,2,2,0.0656,1.82
83,PB,M,food,2,2,0.0606,1.9
84,BC,F,egg laying,2,2,0.0606,1.78
85,BC,F,food,2,2,0.0645,1.78
87,BR,F,egg laying,2,2,0.0483,1.86
89,BC,F,egg laying,2,2,0.0602,1.66
90,BR,F,egg laying,2,2,0.0592,1.59
91,BC,M,food,3,2,0.0587,2.07
92,BC,F,egg laying,3,2,0.0587,2.42
93,BR,F,food,3,2,0.059,2.26
94,PB,F,egg laying,3,2,0.0633,2.46
95,BR,F,egg laying,3,2,0.0662,1.82
96,BC,M,food,3,2,0.0667,1.94
98,HC,M,food,3,2,0.058,2.54
99,PB,F,egg laying,3,2,0.0642,2.41
100,HC,F,food,3,2,0.0624,2.58
101,BR,F,egg laying,3,2,0.0517,2.07
102,PB,F,egg laying,3,2,0.0601,2.11
103,PB,F,food,3,2,0.0512,2.07
105,HC,F,egg laying,3,2,0.0526,2.5
106,BR,F,food,4,2,0.0603,2.11
107,PB,F,egg laying,4,2,0.0645,2.33
108,HC,M,food,4,2,0.0676,2.21
109,HC,F,egg laying,4,2,0.0516,2.25
110,BC,F,egg laying,4,2,0.0586,2.58
111,BC,M,food,4,2,0.0686,1.9
112,BC,M,food,4,2,0.057,1.67
113,PB,F,egg laying,4,2,0.0618,2.41
115,PB,M,food,4,2,0.0588,2.45
116,BR,M,food,4,2,0.0597,1.58
117,BC,F,egg laying,4,2,0.053,1.66
118,BR,F,egg laying,4,2,0.0683,1.74
119,HC,F,egg laying,4,2,0.0565,2.37
120,HC,F,food,4,2,0.0538,2.37
121,HC,M,food,1,3,0.0673,1.85
122,PB,F,egg laying,1,3,0.0667,2
124,PB,F,food,1,3,0.0791,2.67
125,HC,F,egg laying,1,3,0.0712,1.92
126,BC,F,egg laying,1,3,0.0783,2.8
127,HC,F,food,1,3,0.0685,2.04
128,BR,F,food,1,3,0.073,2.6
129,BC,F,food,1,3,0.0763,2.72
130,PB,M,food,1,3,0.0835,2
131,BC,M,food,1,3,0.0705,2.32
132,BC,F,egg laying,1,3,0.0779,2.16
133,BR,M,food,1,3,0.0886,2.55
134,BR,F,food,1,3,0.0733,2.72
136,BC,F,egg laying,2,3,0.0774,1.6
137,HC,F,food,2,3,0.0776,1.71
138,BR,M,food,2,3,0.0795,2.35
139,BR,F,food,2,3,0.0859,2.16
140,HC,F,food,2,3,0.0664,1.73
141,HC,M,food,2,3,0.0787,1.81
142,PB,M,food,2,3,0.0752,1.85
143,PB,M,food,2,3,0.083,1.92
144,BC,F,egg laying,2,3,0.0756,1.81
145,BC,F,food,2,3,0.0812,1.8
147,BR,F,egg laying,2,3,0.0692,1.87
149,BC,F,egg laying,2,3,0.0769,1.68
150,BR,F,egg laying,2,3,0.071,1.6
151,BC,M,food,3,3,0.0796,2.08
152,BC,F,egg laying,3,3,0.08,2.43
153,BR,F,food,3,3,0.0735,2.28
154,PB,F,egg laying,3,3,0.0799,2.48
155,BR,F,egg laying,3,3,0.0857,1.83
156,BC,M,food,3,3,0.0845,1.96
158,HC,M,food,3,3,0.0701,2.57
159,PB,F,egg laying,3,3,0.0826,2.44
160,HC,F,food,3,3,0.084,2.6
161,BR,F,egg laying,3,3,0.0675,2.09
162,PB,F,egg laying,3,3,0.0764,2.12
163,PB,F,food,3,3,0.0678,2.1
165,HC,F,egg laying,3,3,0.0682,2.53
166,BR,F,food,4,3,0.0736,2.13
167,PB,F,egg laying,4,3,0.0757,2.35
168,HC,M,food,4,3,0.0815,2.22
169,HC,F,egg laying,4,3,0.0654,2.27
170,BC,F,egg laying,4,3,0.0732,2.6
171,BC,M,food,4,3,0.0801,1.91
172,BC,M,food,4,3,0.0703,1.68
173,PB,F,egg laying,4,3,0.079,2.42
175,PB,M,food,4,3,0.0713,2.47
176,BR,M,food,4,3,0.0773,1.6
177,BC,F,egg laying,4,3,0.068,1.68
178,BR,F,egg laying,4,3,0.0856,1.76
179,HC,F,egg laying,4,3,0.0706,2.39
180,HC,F,food,4,3,0.0684,2.39
181,HC,M,food,1,4,0.0885,1.88
182,PB,F,egg laying,1,4,0.0868,2.04
184,PB,F,food,1,4,0.1026,2.69
185,HC,F,egg laying,1,4,0.0921,1.94
186,BC,F,egg laying,1,4,0.1028,2.83
187,HC,F,food,1,4,0.0897,2.06
188,BR,F,food,1,4,0.0903,2.62
189,BC,F,food,1,4,0.0948,2.76
190,PB,M,food,1,4,0.1024,2.03
191,BC,M,food,1,4,0.0858,2.36
192,BC,F,egg laying,1,4,0.0967,2.2
193,BR,M,food,1,4,0.1053,2.57
194,BR,F,food,1,4,0.09,2.74
196,BC,F,egg laying,2,4,0.1051,1.64
197,HC,F,food,2,4,0.0925,1.73
198,BR,M,food,2,4,0.0976,2.4
199,BR,F,food,2,4,0.1072,2.18
200,HC,F,food,2,4,0.0829,1.76
201,HC,M,food,2,4,0.0986,1.83
202,PB,M,food,2,4,0.0968,1.9
203,PB,M,food,2,4,0.1071,1.94
204,BC,F,egg laying,2,4,0.0965,1.84
205,BC,F,food,2,4,0.0986,1.83
207,BR,F,egg laying,2,4,0.0889,1.92
209,BC,F,egg laying,2,4,0.0983,1.7
210,BR,F,egg laying,2,4,0.0864,1.63
211,BC,M,food,3,4,0.1029,2.11
212,BC,F,egg laying,3,4,0.1058,2.47
213,BR,F,food,3,4,0.0951,2.32
214,PB,F,egg laying,3,4,0.1072,2.52
215,BR,F,egg laying,3,4,0.105,1.88
216,BC,M,food,3,4,0.1083,2
218,HC,M,food,3,4,0.095,2.6
219,PB,F,egg laying,3,4,0.1059,2.48
220,HC,F,food,3,4,0.1104,2.63
221,BR,F,egg laying,3,4,0.0849,2.11
222,PB,F,egg laying,3,4,0.0989,2.16
223,PB,F,food,3,4,0.0858,2.13
225,HC,F,egg laying,3,4,0.0911,2.56
226,BR,F,food,4,4,0.0907,2.16
227,PB,F,egg laying,4,4,0.0938,2.37
228,HC,M,food,4,4,0.0984,2.24
229,HC,F,egg laying,4,4,0.0859,2.3
230,BC,F,egg laying,4,4,0.0916,2.63
231,BC,M,food,4,4,0.1019,1.94
232,BC,M,food,4,4,0.0839,1.71
233,PB,F,egg laying,4,4,0.0942,2.45
235,PB,M,food,4,4,0.0923,2.5
236,BR,M,food,4,4,0.0964,1.63
237,BC,F,egg laying,4,4,0.0817,1.71
238,BR,F,egg laying,4,4,0.105,1.79
239,HC,F,egg laying,4,4,0.0922,2.42
240,HC,F,food,4,4,0.0849,2.42
241,HC,M,food,1,5,0.1104,1.97
242,PB,F,egg laying,1,5,0.1119,2.1
244,PB,F,food,1,5,0.1246,2.77
245,HC,F,egg laying,1,5,0.1139,2.03
246,BC,F,egg laying,1,5,0.1231,2.9
247,HC,F,food,1,5,0.1131,2.13
248,BR,F,food,1,5,0.1172,2.69
249,BC,F,food,1,5,0.112,2.84
250,PB,M,food,1,5,0.1192,2.09
251,BC,M,food,1,5,0.1012,2.41
252,BC,F,egg laying,1,5,0.1227,2.27
253,BR,M,food,1,5,0.1299,2.65
254,BR,F,food,1,5,0.1124,2.8
256,BC,F,egg laying,2,5,0.1274,1.74
257,HC,F,food,2,5,0.1254,1.82
258,BR,M,food,2,5,0.1295,2.46
259,BR,F,food,2,5,0.1273,2.26
260,HC,F,food,2,5,0.106,1.81
261,HC,M,food,2,5,0.1141,1.89
262,PB,M,food,2,5,0.112,2.01
263,PB,M,food,2,5,0.1276,2
264,BC,F,egg laying,2,5,0.1112,1.92
265,BC,F,food,2,5,0.1307,1.93
267,BR,F,egg laying,2,5,0.1125,2.01
269,BC,F,egg laying,2,5,0.1234,1.77
270,BR,F,egg laying,2,5,0.1057,1.73
271,BC,M,food,3,5,0.123,2.19
272,BC,F,egg laying,3,5,0.1248,2.53
273,BR,F,food,3,5,0.1193,2.38
274,PB,F,egg laying,3,5,0.1394,2.58
275,BR,F,egg laying,3,5,0.1299,1.94
276,BC,M,food,3,5,0.1316,2.07
278,HC,M,food,3,5,0.1278,2.69
279,PB,F,egg laying,3,5,0.1232,2.58
280,HC,F,food,3,5,0.1436,2.73
281,BR,F,egg laying,3,5,0.1207,2.17
282,PB,F,egg laying,3,5,0.12,2.23
283,PB,F,food,3,5,0.1147,2.21
285,HC,F,egg laying,3,5,0.1128,2.63
286,BR,F,food,4,5,0.1161,2.21
287,PB,F,egg laying,4,5,0.1192,2.44
288,HC,M,food,4,5,0.1153,2.3
289,HC,F,egg laying,4,5,0.1006,2.36
290,BC,F,egg laying,4,5,0.1084,2.69
291,BC,M,food,4,5,0.1184,1.99
292,BC,M,food,4,5,0.109,1.79
293,PB,F,egg laying,4,5,0.1111,2.52
295,PB,M,food,4,5,0.1128,2.55
296,BR,M,food,4,5,0.1104,1.68
297,BC,F,egg laying,4,5,0.101,1.76
298,BR,F,egg laying,4,5,0.1228,1.86
299,HC,F,egg laying,4,5,0.112,2.47
300,HC,F,food,4,5,0.1108,2.48
301,HC,M,food,1,6,0.1264,2.09
302,PB,F,egg laying,1,6,0.1307,2.22
304,PB,F,food,1,6,0.1445,2.9
305,HC,F,egg laying,1,6,0.1303,2.22
306,BC,F,egg laying,1,6,0.1398,3.05
307,HC,F,food,1,6,0.1267,2.26
308,BR,F,food,1,6,0.1327,2.84
309,BC,F,food,1,6,0.1282,2.94
310,PB,M,food,1,6,0.1387,2.2
311,BC,M,food,1,6,0.1178,2.59
312,BC,F,egg laying,1,6,0.1356,2.39
313,BR,M,food,1,6,0.1422,2.78
314,BR,F,food,1,6,0.1226,2.94
316,BC,F,egg laying,2,6,0.1402,1.98
317,HC,F,food,2,6,0.1484,1.96
318,BR,M,food,2,6,0.1431,2.68
319,BR,F,food,2,6,0.1474,2.4
320,HC,F,food,2,6,0.1216,2.05
321,HC,M,food,2,6,0.1252,2.09
322,PB,M,food,2,6,0.1307,2.23
323,PB,M,food,2,6,0.1466,2.14
324,BC,F,egg laying,2,6,0.1213,2.04
325,BC,F,food,2,6,0.1435,2.11
327,BR,F,egg laying,2,6,0.1325,2.24
329,BC,F,egg laying,2,6,0.1329,1.9
330,BR,F,egg laying,2,6,0.1172,1.85
331,BC,M,food,3,6,0.1401,2.4
332,BC,F,egg laying,3,6,0.1378,2.68
333,BR,F,food,3,6,0.1325,2.5
334,PB,F,egg laying,3,6,0.1596,2.76
335,BR,F,egg laying,3,6,0.1523,2.16
336,BC,M,food,3,6,0.1522,2.31
338,HC,M,food,3,6,0.1402,2.88
339,PB,F,egg laying,3,6,0.1409,2.78
340,HC,F,food,3,6,0.1643,2.88
341,BR,F,egg laying,3,6,0.1327,2.4
342,PB,F,egg laying,3,6,0.132,2.44
343,PB,F,food,3,6,0.1331,2.38
345,HC,F,egg laying,3,6,0.1346,2.76
346,BR,F,food,4,6,0.1285,2.36
347,PB,F,egg laying,4,6,0.1299,2.54
348,HC,M,food,4,6,0.1248,2.45
349,HC,F,egg laying,4,6,0.1158,2.5
350,BC,F,egg laying,4,6,0.1242,2.84
351,BC,M,food,4,6,0.1355,2.08
352,BC,M,food,4,6,0.1199,1.93
353,PB,F,egg laying,4,6,0.1232,2.65
355,PB,M,food,4,6,0.1294,2.69
356,BR,M,food,4,6,0.1201,1.84
357,BC,F,egg laying,4,6,0.1161,1.86
358,BR,F,egg laying,4,6,0.1361,1.98
359,HC,F,egg laying,4,6,0.1282,2.59
360,HC,F,food,4,6,0.1236,2.61
361,HC,M,food,1,7,0.141,2.25
362,PB,F,egg laying,1,7,0.1429,2.39
364,PB,F,food,1,7,0.1586,3.04
365,HC,F,egg laying,1,7,0.1413,2.32
366,BC,F,egg laying,1,7,0.1512,3.18
367,HC,F,food,1,7,0.139,2.45
368,BR,F,food,1,7,0.1475,3.01
369,BC,F,food,1,7,0.1386,3.09
370,PB,M,food,1,7,0.1522,2.32
371,BC,M,food,1,7,0.1322,2.72
372,BC,F,egg laying,1,7,0.1493,2.52
373,BR,M,food,1,7,0.1544,2.92
374,BR,F,food,1,7,0.1327,3.1
376,BC,F,egg laying,2,7,0.1547,2.15
377,HC,F,food,2,7,0.1633,2.15
378,BR,M,food,2,7,0.1579,2.81
379,BR,F,food,2,7,0.1635,2.57
380,HC,F,food,2,7,0.1381,2.19
381,HC,M,food,2,7,0.143,2.19
382,PB,M,food,2,7,0.1407,2.42
383,PB,M,food,2,7,0.1637,2.28
384,BC,F,egg laying,2,7,0.1373,2.16
385,BC,F,food,2,7,0.1548,2.24
387,BR,F,egg laying,2,7,0.1479,2.46
389,BC,F,egg laying,2,7,0.1472,2.03
390,BR,F,egg laying,2,7,0.135,2.01
391,BC,M,food,3,7,0.1528,2.62
392,BC,F,egg laying,3,7,0.1504,2.82
393,BR,F,food,3,7,0.1495,2.66
394,PB,F,egg laying,3,7,0.1717,3
395,BR,F,egg laying,3,7,0.167,2.28
396,BC,M,food,3,7,0.1641,2.46
398,HC,M,food,3,7,0.1578,3.05
399,PB,F,egg laying,3,7,0.157,2.94
400,HC,F,food,3,7,0.1806,3
401,BR,F,egg laying,3,7,0.1498,2.55
402,PB,F,egg laying,3,7,0.1487,2.57
403,PB,F,food,3,7,0.1486,2.61
405,HC,F,egg laying,3,7,0.148,2.96
406,BR,F,food,4,7,0.1406,2.52
407,PB,F,egg laying,4,7,0.1399,2.65
408,HC,M,food,4,7,0.1363,2.56
409,HC,F,egg laying,4,7,0.1285,2.66
410,BC,F,egg laying,4,7,0.1355,3
411,BC,M,food,4,7,0.1463,2.25
412,BC,M,food,4,7,0.129,2.1
413,PB,F,egg laying,4,7,0.1328,2.79
415,PB,M,food,4,7,0.1391,2.79
416,BR,M,food,4,7,0.1324,1.94
417,BC,F,egg laying,4,7,0.1264,1.97
418,BR,F,egg laying,4,7,0.1452,2.08
419,HC,F,egg laying,4,7,0.1398,2.68
420,HC,F,food,4,7,0.1363,2.75
421,HC,M,food,1,8,0.1643,2.36
422,PB,F,egg laying,1,8,0.1647,2.5
424,PB,F,food,1,8,0.1831,3.2
425,HC,F,egg laying,1,8,0.1641,2.49
426,BC,F,egg laying,1,8,0.1747,3.3
427,HC,F,food,1,8,0.1631,2.58
428,BR,F,food,1,8,0.1704,3.21
429,BC,F,food,1,8,0.1609,3.27
430,PB,M,food,1,8,0.1766,2.44
431,BC,M,food,1,8,0.1553,2.85
432,BC,F,egg laying,1,8,0.1705,2.69
433,BR,M,food,1,8,0.1748,3.05
434,BR,F,food,1,8,0.1555,3.29
436,BC,F,egg laying,2,8,0.1733,2.37
437,HC,F,food,2,8,0.1865,2.31
438,BR,M,food,2,8,0.1797,2.95
439,BR,F,food,2,8,0.1837,2.73
440,HC,F,food,2,8,0.1591,2.29
441,HC,M,food,2,8,0.1724,2.29
442,PB,M,food,2,8,0.1605,2.66
443,PB,M,food,2,8,0.1928,2.46
444,BC,F,egg laying,2,8,0.1575,2.31
445,BC,F,food,2,8,0.1758,2.35
447,BR,F,egg laying,2,8,0.1688,2.67
449,BC,F,egg laying,2,8,0.1729,2.24
450,BR,F,egg laying,2,8,0.1639,2.22
451,BC,M,food,3,8,0.1762,2.74
452,BC,F,egg laying,3,8,0.1786,2.99
453,BR,F,food,3,8,0.1747,2.84
454,PB,F,egg laying,3,8,0.1989,3.12
455,BR,F,egg laying,3,8,0.19,2.47
456,BC,M,food,3,8,0.1886,2.62
458,HC,M,food,3,8,0.1821,3.24
459,PB,F,egg laying,3,8,0.1804,3.15
460,HC,F,food,3,8,0.2052,3.17
461,BR,F,egg laying,3,8,0.1735,2.76
462,PB,F,egg laying,3,8,0.1779,2.79
463,PB,F,food,3,8,0.1775,2.84
465,HC,F,egg laying,3,8,0.1718,3.16
466,BR,F,food,4,8,0.1586,2.62
467,PB,F,egg laying,4,8,0.1594,2.76
468,HC,M,food,4,8,0.1546,2.7
469,HC,F,egg laying,4,8,0.1469,2.79
470,BC,F,egg laying,4,8,0.154,3.16
471,BC,M,food,4,8,0.1673,2.37
472,BC,M,food,4,8,0.1508,2.24
473,PB,F,egg laying,4,8,0.151,2.94
475,PB,M,food,4,8,0.1592,2.95
476,BR,M,food,4,8,0.1507,2.06
477,BC,F,egg laying,4,8,0.1465,2.12
478,BR,F,egg laying,4,8,0.1646,2.21
479,HC,F,egg laying,4,8,0.1599,2.78
480,HC,F,food,4,8,0.1574,2.9
481,HC,M,food,1,9,0.1904,2.48
482,PB,F,egg laying,1,9,0.1929,2.62
484,PB,F,food,1,9,0.2121,3.32
485,HC,F,egg laying,1,9,0.1893,2.64
486,BC,F,egg laying,1,9,0.2031,3.44
487,HC,F,food,1,9,0.1927,2.73
488,BR,F,food,1,9,0.1959,3.46
489,BC,F,food,1,9,0.1873,3.48
490,PB,M,food,1,9,0.2032,2.55
491,BC,M,food,1,9,0.1825,3.08
492,BC,F,egg laying,1,9,0.1992,2.87
493,BR,M,food,1,9,0.2025,3.16
494,BR,F,food,1,9,0.1809,3.44
496,BC,F,egg laying,2,9,0.2018,2.51
497,HC,F,food,2,9,0.2167,2.56
498,BR,M,food,2,9,0.2065,3.05
499,BR,F,food,2,9,0.2073,2.89
500,HC,F,food,2,9,0.1859,2.45
501,HC,M,food,2,9,0.1959,2.42
502,PB,M,food,2,9,0.183,2.9
503,PB,M,food,2,9,0.223,2.73
504,BC,F,egg laying,2,9,0.1804,2.53
505,BC,F,food,2,9,0.1986,2.59
507,BR,F,egg laying,2,9,0.1943,2.77
509,BC,F,egg laying,2,9,0.2063,2.41
510,BR,F,egg laying,2,9,0.1866,2.34
511,BC,M,food,3,9,0.2114,2.97
512,BC,F,egg laying,3,9,0.2077,3.17
513,BR,F,food,3,9,0.2039,3.14
514,PB,F,egg laying,3,9,0.2323,3.32
515,BR,F,egg laying,3,9,0.2207,2.62
516,BC,M,food,3,9,0.2239,2.76
518,HC,M,food,3,9,0.2165,3.41
519,PB,F,egg laying,3,9,0.2122,3.4
520,HC,F,food,3,9,0.2392,3.46
521,BR,F,egg laying,3,9,0.2037,2.96
522,PB,F,egg laying,3,9,0.21,3.02
523,PB,F,food,3,9,0.2129,3.09
525,HC,F,egg laying,3,9,0.2061,3.46
526,BR,F,food,4,9,0.1834,2.81
527,PB,F,egg laying,4,9,0.1833,2.95
528,HC,M,food,4,9,0.178,2.9
529,HC,F,egg laying,4,9,0.1716,2.94
530,BC,F,egg laying,4,9,0.1785,3.34
531,BC,M,food,4,9,0.1918,2.55
532,BC,M,food,4,9,0.1735,2.34
533,PB,F,egg laying,4,9,0.1766,3.15
535,PB,M,food,4,9,0.1855,3.1
536,BR,M,food,4,9,0.1747,2.17
537,BC,F,egg laying,4,9,0.1695,2.22
538,BR,F,egg laying,4,9,0.1881,2.35
539,HC,F,egg laying,4,9,0.1834,2.91
540,HC,F,food,4,9,0.183,3.06
541,HC,M,food,1,10,0.2213,2.63
542,PB,F,egg laying,1,10,0.2238,2.8
544,PB,F,food,1,10,0.2438,3.53
545,HC,F,egg laying,1,10,0.2213,2.81
546,BC,F,egg laying,1,10,0.2343,3.68
547,HC,F,food,1,10,0.2239,2.98
548,BR,F,food,1,10,0.2267,3.68
549,BC,F,food,1,10,0.218,3.66
550,PB,M,food,1,10,0.2351,2.73
551,BC,M,food,1,10,0.2134,3.32
552,BC,F,egg laying,1,10,0.2309,3.12
553,BR,M,food,1,10,0.2334,3.33
554,BR,F,food,1,10,0.2116,3.64
556,BC,F,egg laying,2,10,0.2302,2.66
557,HC,F,food,2,10,0.2476,2.81
558,BR,M,food,2,10,0.2341,3.31
559,BR,F,food,2,10,0.2388,3.12
560,HC,F,food,2,10,0.2194,2.61
561,HC,M,food,2,10,0.2343,2.67
562,PB,M,food,2,10,0.216,3.06
563,PB,M,food,2,10,0.2564,2.97
564,BC,F,egg laying,2,10,0.209,2.82
565,BC,F,food,2,10,0.2297,2.86
567,BR,F,egg laying,2,10,0.2258,3.01
569,BC,F,egg laying,2,10,0.2372,2.7
570,BR,F,egg laying,2,10,0.2192,2.56
571,BC,M,food,3,10,0.2479,3.16
572,BC,F,egg laying,3,10,0.245,3.44
573,BR,F,food,3,10,0.24,3.32
574,PB,F,egg laying,3,10,0.2678,3.49
575,BR,F,egg laying,3,10,0.2562,2.86
576,BC,M,food,3,10,0.2619,2.99
578,HC,M,food,3,10,0.2541,3.67
579,PB,F,egg laying,3,10,0.2501,3.62
580,HC,F,food,3,10,0.2769,3.68
581,BR,F,egg laying,3,10,0.2395,3.23
582,PB,F,egg laying,3,10,0.2446,3.3
583,PB,F,food,3,10,0.251,3.36
585,HC,F,egg laying,3,10,0.2436,3.65
586,BR,F,food,4,10,0.2109,3
587,PB,F,egg laying,4,10,0.2114,3.17
588,HC,M,food,4,10,0.206,3.05
589,HC,F,egg laying,4,10,0.199,3.14
590,BC,F,egg laying,4,10,0.2059,3.5
591,BC,M,food,4,10,0.2191,2.72
592,BC,M,food,4,10,0.2005,2.52
593,PB,F,egg laying,4,10,0.2046,3.3
595,PB,M,food,4,10,0.2134,3.31
596,BR,M,food,4,10,0.202,2.33
597,BC,F,egg laying,4,10,0.1974,2.39
598,BR,F,egg laying,4,10,0.2159,2.5
599,HC,F,egg laying,4,10,0.211,3.11
600,HC,F,food,4,10,0.2107,3.24
601,HC,M,food,1,11,0.2537,2.73
602,PB,F,egg laying,1,11,0.2546,2.95
604,PB,F,food,1,11,0.2746,3.66
605,HC,F,egg laying,1,11,0.252,2.92
606,BC,F,egg laying,1,11,0.2686,3.87
607,HC,F,food,1,11,0.2589,3.08
608,BR,F,food,1,11,0.2574,3.83
609,BC,F,food,1,11,0.253,3.81
610,PB,M,food,1,11,0.2688,2.91
611,BC,M,food,1,11,0.2477,3.49
612,BC,F,egg laying,1,11,0.2618,3.27
613,BR,M,food,1,11,0.268,3.45
614,BR,F,food,1,11,0.2425,3.81
616,BC,F,egg laying,2,11,0.2689,2.81
617,HC,F,food,2,11,0.2835,2.97
618,BR,M,food,2,11,0.2717,3.5
619,BR,F,food,2,11,0.2682,3.29
620,HC,F,food,2,11,0.2512,2.7
621,HC,M,food,2,11,0.261,2.78
622,PB,M,food,2,11,0.2568,3.18
623,PB,M,food,2,11,0.2853,3.18
624,BC,F,egg laying,2,11,0.2369,3.04
625,BC,F,food,2,11,0.2655,2.97
627,BR,F,egg laying,2,11,0.2658,3.18
629,BC,F,egg laying,2,11,0.2784,2.86
630,BR,F,egg laying,2,11,0.2479,2.69
631,BC,M,food,3,11,0.2827,3.37
632,BC,F,egg laying,3,11,0.2859,3.6
633,BR,F,food,3,11,0.2812,3.53
634,PB,F,egg laying,3,11,0.3085,3.68
635,BR,F,egg laying,3,11,0.2956,3
636,BC,M,food,3,11,0.3009,3.13
638,HC,M,food,3,11,0.2944,3.81
639,PB,F,egg laying,3,11,0.2913,3.85
640,HC,F,food,3,11,0.3137,3.82
641,BR,F,egg laying,3,11,0.2757,3.44
642,PB,F,egg laying,3,11,0.2837,3.5
643,PB,F,food,3,11,0.2924,3.49
645,HC,F,egg laying,3,11,0.2844,3.79
646,BR,F,food,4,11,0.2416,3.16
647,PB,F,egg laying,4,11,0.2408,3.28
648,HC,M,food,4,11,0.2368,3.23
649,HC,F,egg laying,4,11,0.2261,3.29
650,BC,F,egg laying,4,11,0.2362,3.66
651,BC,M,food,4,11,0.2467,2.86
652,BC,M,food,4,11,0.2306,2.66
653,PB,F,egg laying,4,11,0.2345,3.42
655,PB,M,food,4,11,0.2418,3.42
656,BR,M,food,4,11,0.23,2.45
657,BC,F,egg laying,4,11,0.2248,2.51
658,BR,F,egg laying,4,11,0.2435,2.62
659,HC,F,egg laying,4,11,0.2409,3.21
660,HC,F,food,4,11,0.24,3.37
661,HC,M,food,1,12,0.2875,2.88
662,PB,F,egg laying,1,12,0.2923,3.15
664,PB,F,food,1,12,0.3129,3.79
665,HC,F,egg laying,1,12,0.2877,3.11
666,BC,F,egg laying,1,12,0.3061,3.99
667,HC,F,food,1,12,0.2922,3.22
668,BR,F,food,1,12,0.2907,4
669,BC,F,food,1,12,0.2861,3.95
670,PB,M,food,1,12,0.3084,3.03
671,BC,M,food,1,12,0.285,3.63
672,BC,F,egg laying,1,12,0.2996,3.4
673,BR,M,food,1,12,0.3041,3.65
674,BR,F,food,1,12,0.2793,3.93
676,BC,F,egg laying,2,12,0.3068,2.99
677,HC,F,food,2,12,0.3249,3.19
678,BR,M,food,2,12,0.3089,3.67
679,BR,F,food,2,12,0.3022,3.52
680,HC,F,food,2,12,0.2921,2.83
681,HC,M,food,2,12,0.2994,2.95
682,PB,M,food,2,12,0.2927,3.34
683,PB,M,food,2,12,0.3308,3.41
684,BC,F,egg laying,2,12,0.2779,3.23
685,BC,F,food,2,12,0.2971,3.2
687,BR,F,egg laying,2,12,0.2965,3.38
689,BC,F,egg laying,2,12,0.32,3
690,BR,F,egg laying,2,12,0.2925,2.79
691,BC,M,food,3,12,0.3301,3.55
692,BC,F,egg laying,3,12,0.3261,3.77
693,BR,F,food,3,12,0.3231,3.68
694,PB,F,egg laying,3,12,0.3497,3.88
695,BR,F,egg laying,3,12,0.3436,3.2
696,BC,M,food,3,12,0.3413,3.29
698,HC,M,food,3,12,0.3413,4.02
699,PB,F,egg laying,3,12,0.3314,3.99
700,HC,F,food,3,12,0.3569,3.95
701,BR,F,egg laying,3,12,0.3174,3.68
702,PB,F,egg laying,3,12,0.3255,3.69
703,PB,F,food,3,12,0.3317,3.65
705,HC,F,egg laying,3,12,0.3235,4.01
706,BR,F,food,4,12,0.2721,3.29
707,PB,F,egg laying,4,12,0.2727,3.44
708,HC,M,food,4,12,0.2718,3.35
709,HC,F,egg laying,4,12,0.2559,3.41
710,BC,F,egg laying,4,12,0.267,3.75
711,BC,M,food,4,12,0.2777,2.98
712,BC,M,food,4,12,0.2642,2.82
713,PB,F,egg laying,4,12,0.2696,3.55
715,PB,M,food,4,12,0.2717,3.54
716,BR,M,food,4,12,0.2636,2.6
717,BC,F,egg laying,4,12,0.257,2.67
718,BR,F,egg laying,4,12,0.2757,2.72
719,HC,F,egg laying,4,12,0.2754,3.38
720,HC,F,food,4,12,0.2712,3.49
721,HC,M,food,1,13,0.3236,3.09
722,PB,F,egg laying,1,13,0.327,3.35
724,PB,F,food,1,13,0.3518,4.08
725,HC,F,egg laying,1,13,0.3217,3.39
726,BC,F,egg laying,1,13,0.3397,4.27
727,HC,F,food,1,13,0.3267,3.42
728,BR,F,food,1,13,0.3248,4.23
729,BC,F,food,1,13,0.3195,4.21
730,PB,M,food,1,13,0.3438,3.27
731,BC,M,food,1,13,0.3201,3.86
732,BC,F,egg laying,1,13,0.335,3.61
733,BR,M,food,1,13,0.3423,3.89
734,BR,F,food,1,13,0.3179,4.18
736,BC,F,egg laying,2,13,0.3419,3.32
737,HC,F,food,2,13,0.3566,3.45
738,BR,M,food,2,13,0.3556,3.96
739,BR,F,food,2,13,0.3447,3.73
740,HC,F,food,2,13,0.3269,3.01
741,HC,M,food,2,13,0.3305,3.29
742,PB,M,food,2,13,0.3353,3.61
743,PB,M,food,2,13,0.3628,3.6
744,BC,F,egg laying,2,13,0.3152,3.42
745,BC,F,food,2,13,0.3271,3.54
747,BR,F,egg laying,2,13,0.3339,3.62
749,BC,F,egg laying,2,13,0.3492,3.3
750,BR,F,egg laying,2,13,0.3291,3
751,BC,M,food,3,13,0.3686,3.83
752,BC,F,egg laying,3,13,0.3716,4.01
753,BR,F,food,3,13,0.3633,3.94
754,PB,F,egg laying,3,13,0.3936,4.23
755,BR,F,egg laying,3,13,0.3826,3.55
756,BC,M,food,3,13,0.3887,3.64
758,HC,M,food,3,13,0.3847,4.26
759,PB,F,egg laying,3,13,0.3699,4.22
760,HC,F,food,3,13,0.4004,4.27
761,BR,F,egg laying,3,13,0.3622,3.97
762,PB,F,egg laying,3,13,0.3644,3.97
763,PB,F,food,3,13,0.3781,3.93
765,HC,F,egg laying,3,13,0.3667,4.25
766,BR,F,food,4,13,0.3057,3.53
767,PB,F,egg laying,4,13,0.3068,3.65
768,HC,M,food,4,13,0.302,3.6
769,HC,F,egg laying,4,13,0.2863,3.67
770,BC,F,egg laying,4,13,0.2984,3.97
771,BC,M,food,4,13,0.3119,3.17
772,BC,M,food,4,13,0.298,3.04
773,PB,F,egg laying,4,13,0.3037,3.81
775,PB,M,food,4,13,0.306,3.74
776,BR,M,food,4,13,0.2985,2.79
777,BC,F,egg laying,4,13,0.2899,2.87
778,BR,F,egg laying,4,13,0.3092,2.94
779,HC,F,egg laying,4,13,0.3094,3.64
780,HC,F,food,4,13,0.3017,3.74
781,HC,M,food,1,14,0.3626,3.37
782,PB,F,egg laying,1,14,0.3676,3.58
784,PB,F,food,1,14,0.3874,4.33
785,HC,F,egg laying,1,14,0.3558,3.69
786,BC,F,egg laying,1,14,0.3799,4.48
787,HC,F,food,1,14,0.3611,3.69
788,BR,F,food,1,14,0.3608,4.48
789,BC,F,food,1,14,0.355,4.5
790,PB,M,food,1,14,0.3784,3.49
791,BC,M,food,1,14,0.359,4.13
792,BC,F,egg laying,1,14,0.3768,3.87
793,BR,M,food,1,14,0.3793,4.1
794,BR,F,food,1,14,0.3538,4.38
796,BC,F,egg laying,2,14,0.3754,3.62
797,HC,F,food,2,14,0.3992,3.77
798,BR,M,food,2,14,0.405,4.25
799,BR,F,food,2,14,0.3867,4.06
800,HC,F,food,2,14,0.3688,3.24
801,HC,M,food,2,14,0.364,3.52
802,PB,M,food,2,14,0.3676,3.87
803,PB,M,food,2,14,0.4011,3.94
804,BC,F,egg laying,2,14,0.356,3.77
805,BC,F,food,2,14,0.3759,3.89
807,BR,F,egg laying,2,14,0.3671,3.82
809,BC,F,egg laying,2,14,0.3838,3.59
810,BR,F,egg laying,2,14,0.3729,3.21
811,BC,M,food,3,14,0.4166,4.12
812,BC,F,egg laying,3,14,0.4105,4.35
813,BR,F,food,3,14,0.4033,4.19
814,PB,F,egg laying,3,14,0.4377,4.55
815,BR,F,egg laying,3,14,0.4268,3.86
816,BC,M,food,3,14,0.433,4
818,HC,M,food,3,14,0.4348,4.61
819,PB,F,egg laying,3,14,0.4092,4.57
820,HC,F,food,3,14,0.4502,4.57
821,BR,F,egg laying,3,14,0.407,4.2
822,PB,F,egg laying,3,14,0.4108,4.22
823,PB,F,food,3,14,0.4235,4.16
825,HC,F,egg laying,3,14,0.4168,4.51
826,BR,F,food,4,14,0.3356,3.76
827,PB,F,egg laying,4,14,0.3369,3.9
828,HC,M,food,4,14,0.3327,3.86
829,HC,F,egg laying,4,14,0.3197,3.91
830,BC,F,egg laying,4,14,0.3284,4.17
831,BC,M,food,4,14,0.3447,3.38
832,BC,M,food,4,14,0.3326,3.22
833,PB,F,egg laying,4,14,0.3394,4.01
835,PB,M,food,4,14,0.3368,3.97
836,BR,M,food,4,14,0.3313,3.02
837,BC,F,egg laying,4,14,0.3211,3.1
838,BR,F,egg laying,4,14,0.3437,3.19
839,HC,F,egg laying,4,14,0.3452,3.88
840,HC,F,food,4,14,0.3359,3.93
841,HC,M,food,1,15,0.4021,3.69
842,PB,F,egg laying,1,15,0.4043,3.84
844,PB,F,food,1,15,0.4252,4.67
845,HC,F,egg laying,1,15,0.3968,4.04
846,BC,F,egg laying,1,15,0.4167,4.75
847,HC,F,food,1,15,0.3995,3.94
848,BR,F,food,1,15,0.4004,4.75
849,BC,F,food,1,15,0.3941,4.81
850,PB,M,food,1,15,0.4169,3.81
851,BC,M,food,1,15,0.4001,4.46
852,BC,F,egg laying,1,15,0.4159,4.2
853,BR,M,food,1,15,0.4166,4.36
854,BR,F,food,1,15,0.3904,4.64
856,BC,F,egg laying,2,15,0.4233,4.02
857,HC,F,food,2,15,0.4382,4
858,BR,M,food,2,15,0.4496,4.58
859,BR,F,food,2,15,0.4298,4.36
860,HC,F,food,2,15,0.4033,3.48
861,HC,M,food,2,15,0.407,3.87
862,PB,M,food,2,15,0.3994,4.09
863,PB,M,food,2,15,0.4445,4.29
864,BC,F,egg laying,2,15,0.4007,4.09
865,BC,F,food,2,15,0.422,4.12
867,BR,F,egg laying,2,15,0.3989,4.12
869,BC,F,egg laying,2,15,0.4164,3.83
870,BR,F,egg laying,2,15,0.4115,3.55
871,BC,M,food,3,15,0.4626,4.42
872,BC,F,egg laying,3,15,0.4535,4.66
873,BR,F,food,3,15,0.4508,4.6
874,PB,F,egg laying,3,15,0.4881,4.92
875,BR,F,egg laying,3,15,0.4761,4.16
876,BC,M,food,3,15,0.4789,4.4
878,HC,M,food,3,15,0.4795,5.02
879,PB,F,egg laying,3,15,0.4514,4.87
880,HC,F,food,3,15,0.4998,4.87
881,BR,F,egg laying,3,15,0.453,4.57
882,PB,F,egg laying,3,15,0.4576,4.51
883,PB,F,food,3,15,0.4696,4.49
885,HC,F,egg laying,3,15,0.4659,4.83
886,BR,F,food,4,15,0.3718,4.02
887,PB,F,egg laying,4,15,0.3727,4.17
888,HC,M,food,4,15,0.3673,4.12
889,HC,F,egg laying,4,15,0.3541,4.15
890,BC,F,egg laying,4,15,0.3648,4.4
891,BC,M,food,4,15,0.3808,3.64
892,BC,M,food,4,15,0.3692,3.48
893,PB,F,egg laying,4,15,0.374,4.27
895,PB,M,food,4,15,0.3723,4.27
896,BR,M,food,4,15,0.3647,3.28
897,BC,F,egg laying,4,15,0.3548,3.33
898,BR,F,egg laying,4,15,0.3776,3.45
899,HC,F,egg laying,4,15,0.382,4.15
900,HC,F,food,4,15,0.3722,4.2
901,HC,M,food,1,16,0.4455,4.04
902,PB,F,egg laying,1,16,0.4488,4.2
904,PB,F,food,1,16,0.4699,4.99
905,HC,F,egg laying,1,16,0.4412,4.37
906,BC,F,egg laying,1,16,0.4596,5.01
907,HC,F,food,1,16,0.4444,4.18
908,BR,F,food,1,16,0.4452,4.98
909,BC,F,food,1,16,0.4374,5.03
910,PB,M,food,1,16,0.46,4.18
911,BC,M,food,1,16,0.4446,4.69
912,BC,F,egg laying,1,16,0.458,4.5
913,BR,M,food,1,16,0.4607,4.63
914,BR,F,food,1,16,0.4329,4.88
916,BC,F,egg laying,2,16,0.4761,4.25
917,HC,F,food,2,16,0.489,4.26
918,BR,M,food,2,16,0.5019,4.97
919,BR,F,food,2,16,0.4819,4.74
920,HC,F,food,2,16,0.4556,3.78
921,HC,M,food,2,16,0.4448,4.15
922,PB,M,food,2,16,0.4427,4.48
923,PB,M,food,2,16,0.4937,4.74
924,BC,F,egg laying,2,16,0.4401,4.5
925,BC,F,food,2,16,0.4715,4.38
927,BR,F,egg laying,2,16,0.4494,4.36
929,BC,F,egg laying,2,16,0.4643,4.02
930,BR,F,egg laying,2,16,0.4491,3.89
931,BC,M,food,3,16,0.5158,4.73
932,BC,F,egg laying,3,16,0.5046,5.12
933,BR,F,food,3,16,0.4997,4.87
934,PB,F,egg laying,3,16,0.5402,5.23
935,BR,F,egg laying,3,16,0.5247,4.64
936,BC,M,food,3,16,0.5282,4.86
938,HC,M,food,3,16,0.5306,5.35
939,PB,F,egg laying,3,16,0.5039,5.25
940,HC,F,food,3,16,0.5519,5.12
941,BR,F,egg laying,3,16,0.506,5.02
942,PB,F,egg laying,3,16,0.5098,4.79
943,PB,F,food,3,16,0.5196,4.73
945,HC,F,egg laying,3,16,0.5158,5.21
946,BR,F,food,4,16,0.411,4.21
947,PB,F,egg laying,4,16,0.4106,4.47
948,HC,M,food,4,16,0.4054,4.31
949,HC,F,egg laying,4,16,0.3926,4.5
950,BC,F,egg laying,4,16,0.4033,4.71
951,BC,M,food,4,16,0.419,3.87
952,BC,M,food,4,16,0.4072,3.83
953,PB,F,egg laying,4,16,0.4128,4.57
955,PB,M,food,4,16,0.411,4.5
956,BR,M,food,4,16,0.4031,3.61
957,BC,F,egg laying,4,16,0.3931,3.59
958,BR,F,egg laying,4,16,0.4163,3.65
959,HC,F,egg laying,4,16,0.4212,4.4
960,HC,F,food,4,16,0.4117,4.41
961,HC,M,food,1,17,0.4921,4.43
962,PB,F,egg laying,1,17,0.4976,4.52
964,PB,F,food,1,17,0.5156,5.36
965,HC,F,egg laying,1,17,0.4881,4.76
966,BC,F,egg laying,1,17,0.5057,5.38
967,HC,F,food,1,17,0.49,4.51
968,BR,F,food,1,17,0.4909,5.37
969,BC,F,food,1,17,0.4865,5.35
970,PB,M,food,1,17,0.5066,4.5
971,BC,M,food,1,17,0.49,5.07
972,BC,F,egg laying,1,17,0.5037,4.85
973,BR,M,food,1,17,0.5098,4.95
974,BR,F,food,1,17,0.4782,5.28
976,BC,F,egg laying,2,17,0.519,4.56
977,HC,F,food,2,17,0.5315,4.71
978,BR,M,food,2,17,0.5511,5.39
979,BR,F,food,2,17,0.5376,5.12
980,HC,F,food,2,17,0.5136,4.07
981,HC,M,food,2,17,0.4993,4.56
982,PB,M,food,2,17,0.4938,4.77
983,PB,M,food,2,17,0.5335,5.01
984,BC,F,egg laying,2,17,0.4841,4.79
985,BC,F,food,2,17,0.5171,4.73
987,BR,F,egg laying,2,17,0.5085,4.79
989,BC,F,egg laying,2,17,0.5094,4.48
990,BR,F,egg laying,2,17,0.5085,4.33
991,BC,M,food,3,17,0.5709,5.08
992,BC,F,egg laying,3,17,0.5619,5.6
993,BR,F,food,3,17,0.5525,5.29
994,PB,F,egg laying,3,17,0.5969,5.64
995,BR,F,egg laying,3,17,0.5795,5.03
996,BC,M,food,3,17,0.5802,5.23
998,HC,M,food,3,17,0.5906,5.82
999,PB,F,egg laying,3,17,0.5581,5.73
1000,HC,F,food,3,17,0.6063,5.58
1001,BR,F,egg laying,3,17,0.5632,5.37
1002,PB,F,egg laying,3,17,0.5647,5.26
1003,PB,F,food,3,17,0.5745,5.16
1005,HC,F,egg laying,3,17,0.5676,5.6
1006,BR,F,food,4,17,0.4545,4.53
1007,PB,F,egg laying,4,17,0.4533,4.81
1008,HC,M,food,4,17,0.4462,4.62
1009,HC,F,egg laying,4,17,0.4355,4.8
1010,BC,F,egg laying,4,17,0.447,4.99
1011,BC,M,food,4,17,0.4624,4.15
1012,BC,M,food,4,17,0.4502,4.14
1013,PB,F,egg laying,4,17,0.4537,4.9
1015,PB,M,food,4,17,0.4517,4.82
1016,BR,M,food,4,17,0.4454,3.92
1017,BC,F,egg laying,4,17,0.4336,3.91
1018,BR,F,egg laying,4,17,0.459,3.94
1019,HC,F,egg laying,4,17,0.4648,4.73
1020,HC,F,food,4,17,0.4538,4.68
1021,HC,M,food,1,18,0.5381,4.64
1022,PB,F,egg laying,1,18,0.5477,4.92
1024,PB,F,food,1,18,0.5609,5.67
1025,HC,F,egg laying,1,18,0.5439,5.1
1026,BC,F,egg laying,1,18,0.5592,5.6
1027,HC,F,food,1,18,0.5359,4.73
1028,BR,F,food,1,18,0.5468,5.68
1029,BC,F,food,1,18,0.5438,5.71
1030,PB,M,food,1,18,0.5604,4.72
1031,BC,M,food,1,18,0.546,5.38
1032,BC,F,egg laying,1,18,0.5535,5.13
1033,BR,M,food,1,18,0.5679,5.27
1034,BR,F,food,1,18,0.5263,5.59
1036,BC,F,egg laying,2,18,0.5686,4.77
1037,HC,F,food,2,18,0.5889,5.06
1038,BR,M,food,2,18,0.5998,5.86
1039,BR,F,food,2,18,0.5778,5.47
1040,HC,F,food,2,18,0.5726,4.44
1041,HC,M,food,2,18,0.565,4.95
1042,PB,M,food,2,18,0.5553,5.01
1043,PB,M,food,2,18,0.6003,5.24
1044,BC,F,egg laying,2,18,0.5462,5.14
1045,BC,F,food,2,18,0.5842,5.16
1047,BR,F,egg laying,2,18,0.557,5.12
1049,BC,F,egg laying,2,18,0.5739,4.9
1050,BR,F,egg laying,2,18,0.5772,4.56
1051,BC,M,food,3,18,0.6297,5.46
1052,BC,F,egg laying,3,18,0.6246,5.93
1053,BR,F,food,3,18,0.6194,5.54
1054,PB,F,egg laying,3,18,0.6629,5.99
1055,BR,F,egg laying,3,18,0.6458,5.46
1056,BC,M,food,3,18,0.6451,5.57
1058,HC,M,food,3,18,0.6568,6.11
1059,PB,F,egg laying,3,18,0.6228,5.99
1060,HC,F,food,3,18,0.664,5.88
1061,BR,F,egg laying,3,18,0.6155,5.85
1062,PB,F,egg laying,3,18,0.6303,5.72
1063,PB,F,food,3,18,0.6404,5.42
1065,HC,F,egg laying,3,18,0.6371,5.86
1066,BR,F,food,4,18,0.4964,4.74
1067,PB,F,egg laying,4,18,0.4954,5.04
1068,HC,M,food,4,18,0.4896,4.95
1069,HC,F,egg laying,4,18,0.4863,5.06
1070,BC,F,egg laying,4,18,0.4952,5.31
1071,BC,M,food,4,18,0.5033,4.41
1072,BC,M,food,4,18,0.4925,4.32
1073,PB,F,egg laying,4,18,0.5055,5.1
1075,PB,M,food,4,18,0.4929,5.01
1076,BR,M,food,4,18,0.4894,4.23
1077,BC,F,egg laying,4,18,0.4743,4.13
1078,BR,F,egg laying,4,18,0.5112,4.16
1079,HC,F,egg laying,4,18,0.5143,5.03
1080,HC,F,food,4,18,0.4992,4.9
1081,HC,M,food,1,19,0.5932,4.8
1082,PB,F,egg laying,1,19,0.6087,5.04
1084,PB,F,food,1,19,0.6149,5.84
1085,HC,F,egg laying,1,19,0.6054,5.22
1086,BC,F,egg laying,1,19,0.6124,5.76
1087,HC,F,food,1,19,0.5975,4.87
1088,BR,F,food,1,19,0.5984,5.86
1089,BC,F,food,1,19,0.6033,5.84
1090,PB,M,food,1,19,0.6138,4.85
1091,BC,M,food,1,19,0.6094,5.53
1092,BC,F,egg laying,1,19,0.6152,5.24
1093,BR,M,food,1,19,0.6303,5.42
1094,BR,F,food,1,19,0.5799,5.75
1096,BC,F,egg laying,2,19,0.6336,4.86
1097,HC,F,food,2,19,0.6644,5.21
1098,BR,M,food,2,19,0.6445,6.03
1099,BR,F,food,2,19,0.6349,5.61
1100,HC,F,food,2,19,0.632,4.61
1101,HC,M,food,2,19,0.6199,5.17
1102,PB,M,food,2,19,0.6069,5.13
1103,PB,M,food,2,19,0.6592,5.47
1104,BC,F,egg laying,2,19,0.6049,5.35
1105,BC,F,food,2,19,0.6542,5.32
1107,BR,F,egg laying,2,19,0.611,5.26
1109,BC,F,egg laying,2,19,0.623,5.01
1110,BR,F,egg laying,2,19,0.6408,4.73
1111,BC,M,food,3,19,0.6898,5.61
1112,BC,F,egg laying,3,19,0.6939,6.08
1113,BR,F,food,3,19,0.6843,5.75
1114,PB,F,egg laying,3,19,0.7345,6.12
1115,BR,F,egg laying,3,19,0.7072,5.61
1116,BC,M,food,3,19,0.7047,5.7
1118,HC,M,food,3,19,0.7335,6.28
1119,PB,F,egg laying,3,19,0.6963,6.19
1120,HC,F,food,3,19,0.7247,6.1
1121,BR,F,egg laying,3,19,0.6807,6.05
1122,PB,F,egg laying,3,19,0.6883,5.92
1123,PB,F,food,3,19,0.7012,5.66
1125,HC,F,egg laying,3,19,0.712,6.08
1126,BR,F,food,4,19,0.543,4.91
1127,PB,F,egg laying,4,19,0.552,5.21
1128,HC,M,food,4,19,0.5369,5.09
1129,HC,F,egg laying,4,19,0.5339,5.2
1130,BC,F,egg laying,4,19,0.5512,5.4
1131,BC,M,food,4,19,0.5554,4.55
1132,BC,M,food,4,19,0.5471,4.45
1133,PB,F,egg laying,4,19,0.5596,5.22
1135,PB,M,food,4,19,0.5457,5.11
1136,BR,M,food,4,19,0.54,4.38
1137,BC,F,egg laying,4,19,0.5235,4.26
1138,BR,F,egg laying,4,19,0.5624,4.27
1139,HC,F,egg laying,4,19,0.5671,5.14
1140,HC,F,food,4,19,0.5447,5.07
1141,HC,M,food,1,20,0.6588,4.97
1142,PB,F,egg laying,1,20,0.6735,5.3
1144,PB,F,food,1,20,0.6748,6.09
1145,HC,F,egg laying,1,20,0.669,5.34
1146,BC,F,egg laying,1,20,0.6707,5.89
1147,HC,F,food,1,20,0.6619,5.13
1148,BR,F,food,1,20,0.6683,6.08
1149,BC,F,food,1,20,0.6689,5.99
1150,PB,M,food,1,20,0.6813,5.02
1151,BC,M,food,1,20,0.6661,5.69
1152,BC,F,egg laying,1,20,0.6847,5.42
1153,BR,M,food,1,20,0.6915,5.65
1154,BR,F,food,1,20,0.642,6.04
1156,BC,F,egg laying,2,20,0.6867,5.12
1157,HC,F,food,2,20,0.7238,5.31
1158,BR,M,food,2,20,0.7092,6.32
1159,BR,F,food,2,20,0.7044,5.84
1160,HC,F,food,2,20,0.6982,4.94
1161,HC,M,food,2,20,0.6714,5.29
1162,PB,M,food,2,20,0.684,5.3
1163,PB,M,food,2,20,0.7176,5.7
1164,BC,F,egg laying,2,20,0.6834,5.62
1165,BC,F,food,2,20,0.7375,5.56
1167,BR,F,egg laying,2,20,0.6805,5.59
1169,BC,F,egg laying,2,20,0.6788,5.21
1170,BR,F,egg laying,2,20,0.7201,4.95
1171,BC,M,food,3,20,0.7601,5.95
1172,BC,F,egg laying,3,20,0.7635,6.29
1173,BR,F,food,3,20,0.7657,6.01
1174,PB,F,egg laying,3,20,0.8031,6.33
1175,BR,F,egg laying,3,20,0.7873,5.91
1176,BC,M,food,3,20,0.7853,6.05
1178,HC,M,food,3,20,0.8092,6.49
1179,PB,F,egg laying,3,20,0.7651,6.41
1180,HC,F,food,3,20,0.7937,6.4
1181,BR,F,egg laying,3,20,0.7487,6.23
1182,PB,F,egg laying,3,20,0.7703,6.24
1183,PB,F,food,3,20,0.7764,5.92
1185,HC,F,egg laying,3,20,0.7947,6.3
1186,BR,F,food,4,20,0.5999,5.13
1187,PB,F,egg laying,4,20,0.6046,5.4
1188,HC,M,food,4,20,0.594,5.33
1189,HC,F,egg laying,4,20,0.5924,5.29
1190,BC,F,egg laying,4,20,0.6128,5.63
1191,BC,M,food,4,20,0.613,4.65
1192,BC,M,food,4,20,0.6043,4.67
1193,PB,F,egg laying,4,20,0.6127,5.34
1195,PB,M,food,4,20,0.5987,5.29
1196,BR,M,food,4,20,0.5946,4.5
1197,BC,F,egg laying,4,20,0.5832,4.4
1198,BR,F,egg laying,4,20,0.6172,4.49
1199,HC,F,egg laying,4,20,0.6272,5.23
1200,HC,F,food,4,20,0.5995,5.18
1201,HC,M,food,1,21,0.7379,5.36
1202,PB,F,egg laying,1,21,0.7454,5.49
1204,PB,F,food,1,21,0.7531,6.49
1205,HC,F,egg laying,1,21,0.7432,5.55
1206,BC,F,egg laying,1,21,0.7313,6.21
1207,HC,F,food,1,21,0.7284,5.29
1208,BR,F,food,1,21,0.7337,6.36
1209,BC,F,food,1,21,0.733,6.14
1210,PB,M,food,1,21,0.7561,5.22
1211,BC,M,food,1,21,0.7274,5.89
1212,BC,F,egg laying,1,21,0.7611,5.64
1213,BR,M,food,1,21,0.7651,5.96
1214,BR,F,food,1,21,0.7144,6.33
1216,BC,F,egg laying,2,21,0.7662,5.21
1217,HC,F,food,2,21,0.8117,5.72
1218,BR,M,food,2,21,0.7761,6.55
1219,BR,F,food,2,21,0.7722,5.99
1220,HC,F,food,2,21,0.7937,5.41
1221,HC,M,food,2,21,0.7518,5.65
1222,PB,M,food,2,21,0.7723,5.39
1223,PB,M,food,2,21,0.7729,5.83
1224,BC,F,egg laying,2,21,0.7588,6.07
1225,BC,F,food,2,21,0.7995,5.8
1227,BR,F,egg laying,2,21,0.7353,5.77
1229,BC,F,egg laying,2,21,0.7657,5.56
1230,BR,F,egg laying,2,21,0.793,5.19
1231,BC,M,food,3,21,0.8408,6.2
1232,BC,F,egg laying,3,21,0.8547,6.46
1233,BR,F,food,3,21,0.8387,6.23
1234,PB,F,egg laying,3,21,0.8808,6.54
1235,BR,F,egg laying,3,21,0.8794,6.11
1236,BC,M,food,3,21,0.8643,6.38
1238,HC,M,food,3,21,0.8861,6.63
1239,PB,F,egg laying,3,21,0.8551,6.76
1240,HC,F,food,3,21,0.8832,6.56
1241,BR,F,egg laying,3,21,0.8344,6.51
1242,PB,F,egg laying,3,21,0.8498,6.57
1243,PB,F,food,3,21,0.8656,6.22
1245,HC,F,egg laying,3,21,0.8854,6.73
1246,BR,F,food,4,21,0.6545,5.42
1247,PB,F,egg laying,4,21,0.6638,5.56
1248,HC,M,food,4,21,0.6604,5.52
1249,HC,F,egg laying,4,21,0.6576,5.38
1250,BC,F,egg laying,4,21,0.6683,5.77
1251,BC,M,food,4,21,0.6719,4.86
1252,BC,M,food,4,21,0.6706,5.02
1253,PB,F,egg laying,4,21,0.6693,5.66
1255,PB,M,food,4,21,0.6627,5.61
1256,BR,M,food,4,21,0.6648,4.82
1257,BC,F,egg laying,4,21,0.6509,4.64
1258,BR,F,egg laying,4,21,0.6764,4.73
1259,HC,F,egg laying,4,21,0.6847,5.5
1260,HC,F,food,4,21,0.6623,5.31
1261,HC,M,food,1,22,0.7902,5.72
1262,PB,F,egg laying,1,22,0.8076,5.8
1264,PB,F,food,1,22,0.8336,6.87
1265,HC,F,egg laying,1,22,0.7937,5.74
1266,BC,F,egg laying,1,22,0.7987,6.52
1267,HC,F,food,1,22,0.8094,5.42
1268,BR,F,food,1,22,0.814,6.53
1269,BC,F,food,1,22,0.8126,6.39
1270,PB,M,food,1,22,0.8161,5.47
1271,BC,M,food,1,22,0.7876,6.16
1272,BC,F,egg laying,1,22,0.8292,5.79
1273,BR,M,food,1,22,0.8499,6.18
1274,BR,F,food,1,22,0.7955,6.71
1276,BC,F,egg laying,2,22,0.825,5.49
1277,HC,F,food,2,22,0.8889,6.17
1278,BR,M,food,2,22,0.8479,6.87
1279,BR,F,food,2,22,0.8302,6.16
1280,HC,F,food,2,22,0.8378,5.56
1281,HC,M,food,2,22,0.8042,6.01
1282,PB,M,food,2,22,0.8686,5.77
1283,PB,M,food,2,22,0.8285,6.1
1284,BC,F,egg laying,2,22,0.823,6.22
1285,BC,F,food,2,22,0.8802,6.03
1287,BR,F,egg laying,2,22,0.8008,6.24
1289,BC,F,egg laying,2,22,0.841,6.03
1290,BR,F,egg laying,2,22,0.8904,5.66
1291,BC,M,food,3,22,0.9276,6.54
1292,BC,F,egg laying,3,22,0.929,6.63
1293,BR,F,food,3,22,0.8992,6.6
1294,PB,F,egg laying,3,22,0.9515,6.74
1295,BR,F,egg laying,3,22,0.9476,6.41
1296,BC,M,food,3,22,0.9496,6.59
1298,HC,M,food,3,22,0.9551,6.86
1299,PB,F,egg laying,3,22,0.9332,7.15
1300,HC,F,food,3,22,0.9839,6.86
1301,BR,F,egg laying,3,22,0.9178,6.94
1302,PB,F,egg laying,3,22,0.9387,7
1303,PB,F,food,3,22,0.9319,6.34
1305,HC,F,egg laying,3,22,0.946,7.12
1306,BR,F,food,4,22,0.7122,5.75
1307,PB,F,egg laying,4,22,0.7165,5.87
1308,HC,M,food,4,22,0.7151,5.67
1309,HC,F,egg laying,4,22,0.728,5.6
1310,BC,F,egg laying,4,22,0.7313,6
1311,BC,M,food,4,22,0.7418,5.16
1312,BC,M,food,4,22,0.7278,5.16
1313,PB,F,egg laying,4,22,0.7344,5.85
1315,PB,M,food,4,22,0.7275,5.78
1316,BR,M,food,4,22,0.7189,5.01
1317,BC,F,egg laying,4,22,0.7069,4.93
1318,BR,F,egg laying,4,22,0.7415,5
1319,HC,F,egg laying,4,22,0.75,5.8
1320,HC,F,food,4,22,0.7189,5.48
1321,HC,M,food,1,23,0.8606,6.03
1322,PB,F,egg laying,1,23,0.869,6.18
1324,PB,F,food,1,23,0.9066,7.19
1325,HC,F,egg laying,1,23,0.8744,6.12
1326,BC,F,egg laying,1,23,0.8627,6.9
1327,HC,F,food,1,23,0.9012,5.79
1328,BR,F,food,1,23,0.902,6.85
1329,BC,F,food,1,23,0.8804,6.72
1330,PB,M,food,1,23,0.8741,5.79
1331,BC,M,food,1,23,0.8672,6.46
1332,BC,F,egg laying,1,23,0.9141,6.12
1333,BR,M,food,1,23,0.9064,6.52
1334,BR,F,food,1,23,0.8895,7.08
1336,BC,F,egg laying,2,23,0.9139,5.84
1337,HC,F,food,2,23,0.9387,6.48
1338,BR,M,food,2,23,0.9416,7.19
1339,BR,F,food,2,23,0.8863,6.63
1340,HC,F,food,2,23,0.9014,5.93
1341,HC,M,food,2,23,0.8843,6.42
1342,PB,M,food,2,23,0.9739,6.14
1343,PB,M,food,2,23,0.8818,6.56
1344,BC,F,egg laying,2,23,0.9124,6.5
1345,BC,F,food,2,23,0.9339,6.36
1347,BR,F,egg laying,2,23,0.8904,6.52
1349,BC,F,egg laying,2,23,0.8973,6.45
1350,BR,F,egg laying,2,23,0.9456,5.93
1351,BC,M,food,3,23,1.0403,6.9
1352,BC,F,egg laying,3,23,1.0078,7.02
1353,BR,F,food,3,23,0.9768,7.06
1354,PB,F,egg laying,3,23,1.0204,7.12
1355,BR,F,egg laying,3,23,1.0252,6.76
1356,BC,M,food,3,23,1.051,6.95
1358,HC,M,food,3,23,1.0351,7.3
1359,PB,F,egg laying,3,23,1.0397,7.54
1360,HC,F,food,3,23,1.048,7.31
1361,BR,F,egg laying,3,23,1.0041,7.33
1362,PB,F,egg laying,3,23,1.0082,7.44
1363,PB,F,food,3,23,1.0204,6.74
1365,HC,F,egg laying,3,23,1.0289,7.57
1366,BR,F,food,4,23,0.7782,6.05
1367,PB,F,egg laying,4,23,0.7679,6.19
1368,HC,M,food,4,23,0.7777,5.96
1369,HC,F,egg laying,4,23,0.8016,5.94
1370,BC,F,egg laying,4,23,0.7841,6.32
1371,BC,M,food,4,23,0.8044,5.46
1372,BC,M,food,4,23,0.8105,5.45
1373,PB,F,egg laying,4,23,0.784,6.18
1375,PB,M,food,4,23,0.7978,6.08
1376,BR,M,food,4,23,0.7951,5.32
1377,BC,F,egg laying,4,23,0.7784,5.21
1378,BR,F,egg laying,4,23,0.8058,5.34
1379,HC,F,egg laying,4,23,0.8261,6.08
1380,HC,F,food,4,23,0.7858,5.79
1381,HC,M,food,1,24,0.9528,6.33
1382,PB,F,egg laying,1,24,0.9593,6.53
1384,PB,F,food,1,24,0.9716,7.55
1385,HC,F,egg laying,1,24,0.9692,6.48
1386,BC,F,egg laying,1,24,0.9335,7.3
1387,HC,F,food,1,24,0.969,6.15
1388,BR,F,food,1,24,0.9755,7.23
1389,BC,F,food,1,24,0.9542,7.11
1390,PB,M,food,1,24,0.9637,6.18
1391,BC,M,food,1,24,0.9303,6.81
1392,BC,F,egg laying,1,24,1.0066,6.48
1393,BR,M,food,1,24,0.9767,6.82
1394,BR,F,food,1,24,0.9672,7.46
1396,BC,F,egg laying,2,24,1.0121,6.2
1397,HC,F,food,2,24,1.0049,6.95
1398,BR,M,food,2,24,1.0068,7.49
1399,BR,F,food,2,24,0.9454,6.9
1400,HC,F,food,2,24,1.0113,6.3
1401,HC,M,food,2,24,0.9883,6.81
1402,PB,M,food,2,24,1.0498,6.57
1403,PB,M,food,2,24,0.9356,6.97
1404,BC,F,egg laying,2,24,1.0097,6.87
1405,BC,F,food,2,24,0.9932,6.68
1407,BR,F,egg laying,2,24,0.9904,6.97
1409,BC,F,egg laying,2,24,1.0029,6.9
1410,BR,F,egg laying,2,24,1.0421,6.31
1411,BC,M,food,3,24,1.1183,7.35
1412,BC,F,egg laying,3,24,1.0934,7.43
1413,BR,F,food,3,24,1.0873,7.51
1414,PB,F,egg laying,3,24,1.1265,7.47
1415,BR,F,egg laying,3,24,1.1246,7.22
1416,BC,M,food,3,24,1.1431,7.39
1418,HC,M,food,3,24,1.1506,7.72
1419,PB,F,egg laying,3,24,1.1322,7.92
1420,HC,F,food,3,24,1.1399,7.73
1421,BR,F,egg laying,3,24,1.0878,7.77
1422,PB,F,egg laying,3,24,1.1167,7.85
1423,PB,F,food,3,24,1.0902,7.13
1425,HC,F,egg laying,3,24,1.1474,7.99
1426,BR,F,food,4,24,0.8532,6.37
1427,PB,F,egg laying,4,24,0.8477,6.53
1428,HC,M,food,4,24,0.8575,6.27
1429,HC,F,egg laying,4,24,0.8754,6.28
1430,BC,F,egg laying,4,24,0.8654,6.66
1431,BC,M,food,4,24,0.8815,5.76
1432,BC,M,food,4,24,0.8711,5.72
1433,PB,F,egg laying,4,24,0.8603,6.5
1435,PB,M,food,4,24,0.8654,6.41
1436,BR,M,food,4,24,0.8645,5.63
1437,BC,F,egg laying,4,24,0.8559,5.51
1438,BR,F,egg laying,4,24,0.8921,5.69
1439,HC,F,egg laying,4,24,0.8879,6.41
1440,HC,F,food,4,24,0.869,6.08
