species,gender,type,Diet,Day,weight,height
HC,M,food,1,1,0.04,1.81
PB,F,egg laying,1,1,0.041,1.97
PB,F,egg laying,1,1,0.042,2.52
PB,F,food,1,1,0.05,2.64
HC,F,egg laying,1,1,0.048,1.89
BC,F,egg laying,1,1,0.049,2.76
HC,F,food,1,1,0.04,2.01
BR,F,food,1,1,0.044,2.56
BC,F,food,1,1,0.044,2.68
PB,M,food,1,1,0.047,1.97
BC,M,food,1,1,0.04,2.28
BC,F,egg laying,1,1,0.049,2.13
BR,M,food,1,1,0.05,2.52
BR,F,food,1,1,0.046,2.68
HC,F,food,1,1,0.043,2.4
BC,F,egg laying,2,1,0.044,1.57
HC,F,food,2,1,0.049,1.69
BR,M,food,2,1,0.045,2.32
BR,F,food,2,1,0.052,2.13
HC,F,food,2,1,0.039,1.69
HC,M,food,2,1,0.041,1.77
PB,M,food,2,1,0.051,1.81
PB,M,food,2,1,0.042,1.89
BC,F,egg laying,2,1,0.047,1.77
BC,F,food,2,1,0.047,1.77
PB,F,egg laying,2,1,0.048,2.32
BR,F,egg laying,2,1,0.039,1.85
PB,F,food,2,1,0.04,2.05
BC,F,egg laying,2,1,0.045,1.65
BR,F,egg laying,2,1,0.043,1.57
BC,M,food,3,1,0.04,2.05
BC,F,egg laying,3,1,0.04,2.4
BR,F,food,3,1,0.04,2.24
PB,F,egg laying,3,1,0.043,2.44
BR,F,egg laying,3,1,0.048,1.81
BC,M,food,3,1,0.048,1.93
BR,F,egg laying,3,1,0.037,2.2
HC,M,food,3,1,0.04,2.52
PB,F,egg laying,3,1,0.048,2.4
HC,F,food,3,1,0.046,2.56
BR,F,egg laying,3,1,0.038,2.05
PB,F,egg laying,3,1,0.046,2.09
PB,F,food,3,1,0.036,2.05
HC,F,food,3,1,0.047,1.77
HC,F,egg laying,3,1,0.036,2.48
BR,F,food,4,1,0.043,2.09
PB,F,egg laying,4,1,0.053,2.32
HC,M,food,4,1,0.052,2.2
HC,F,egg laying,4,1,0.039,2.24
BC,F,egg laying,4,1,0.045,2.56
BC,M,food,4,1,0.054,1.89
BC,M,food,4,1,0.043,1.65
PB,F,egg laying,4,1,0.052,2.4
BR,F,egg laying,4,1,0.052,1.73
PB,M,food,4,1,0.044,2.44
BR,M,food,4,1,0.046,1.57
BC,F,egg laying,4,1,0.04,1.65
BR,F,egg laying,4,1,0.053,1.73
HC,F,egg laying,4,1,0.046,2.36
HC,F,food,4,1,0.042,2.36
HC,M,food,1,2,0.0531,1.83
PB,F,egg laying,1,2,0.0566,1.98
PB,F,egg laying,1,2,NA,NA
PB,F,food,1,2,0.0628,2.65
HC,F,egg laying,1,2,0.0589,1.9
BC,F,egg laying,1,2,0.0592,2.78
HC,F,food,1,2,0.058,2.02
BR,F,food,1,2,0.0553,2.58
BC,F,food,1,2,0.0595,2.7
PB,M,food,1,2,0.0658,1.99
BC,M,food,1,2,0.0599,2.3
BC,F,egg laying,1,2,0.0622,2.15
BR,M,food,1,2,0.0694,2.53
BR,F,food,1,2,0.0595,2.7
HC,F,food,1,2,0.0539,2.42
BC,F,egg laying,2,2,0.0638,1.59
HC,F,food,2,2,0.0667,1.7
BR,M,food,2,2,0.0623,2.33
BR,F,food,2,2,0.0703,2.14
HC,F,food,2,2,0.0528,1.71
HC,M,food,2,2,0.0563,1.79
PB,M,food,2,2,0.0656,1.82
PB,M,food,2,2,0.0606,1.9
BC,F,egg laying,2,2,0.0606,1.78
BC,F,food,2,2,0.0645,1.78
PB,F,egg laying,2,2,0.0638,2.33
BR,F,egg laying,2,2,0.0483,1.86
PB,F,food,2,2,0.0598,2.06
BC,F,egg laying,2,2,0.0602,1.66
BR,F,egg laying,2,2,0.0592,1.59
BC,M,food,3,2,0.0587,2.07
BC,F,egg laying,3,2,0.0587,2.42
BR,F,food,3,2,0.059,2.26
PB,F,egg laying,3,2,0.0633,2.46
BR,F,egg laying,3,2,0.0662,1.82
BC,M,food,3,2,0.0667,1.94
BR,F,egg laying,3,2,0.0555,2.22
HC,M,food,3,2,0.058,2.54
PB,F,egg laying,3,2,0.0642,2.41
HC,F,food,3,2,0.0624,2.58
BR,F,egg laying,3,2,0.0517,2.07
PB,F,egg laying,3,2,0.0601,2.11
PB,F,food,3,2,0.0512,2.07
HC,F,food,3,2,0.0683,1.79
HC,F,egg laying,3,2,0.0526,2.5
BR,F,food,4,2,0.0603,2.11
PB,F,egg laying,4,2,0.0645,2.33
HC,M,food,4,2,0.0676,2.21
HC,F,egg laying,4,2,0.0516,2.25
BC,F,egg laying,4,2,0.0586,2.58
BC,M,food,4,2,0.0686,1.9
BC,M,food,4,2,0.057,1.67
PB,F,egg laying,4,2,0.0618,2.41
BR,F,egg laying,4,2,0.0652,1.74
PB,M,food,4,2,0.0588,2.45
BR,M,food,4,2,0.0597,1.58
BC,F,egg laying,4,2,0.053,1.66
BR,F,egg laying,4,2,0.0683,1.74
HC,F,egg laying,4,2,0.0565,2.37
HC,F,food,4,2,0.0538,2.37
HC,M,food,1,3,0.0673,1.85
PB,F,egg laying,1,3,0.0667,2
PB,F,egg laying,1,3,NA,NA
PB,F,food,1,3,0.0791,2.67
HC,F,egg laying,1,3,0.0712,1.92
BC,F,egg laying,1,3,0.0783,2.8
HC,F,food,1,3,0.0685,2.04
BR,F,food,1,3,0.073,2.6
BC,F,food,1,3,0.0763,2.72
PB,M,food,1,3,0.0835,2
BC,M,food,1,3,0.0705,2.32
BC,F,egg laying,1,3,0.0779,2.16
BR,M,food,1,3,0.0886,2.55
BR,F,food,1,3,0.0733,2.72
HC,F,food,1,3,0.0655,2.43
BC,F,egg laying,2,3,0.0774,1.6
HC,F,food,2,3,0.0776,1.71
BR,M,food,2,3,0.0795,2.35
BR,F,food,2,3,0.0859,2.16
HC,F,food,2,3,0.0664,1.73
HC,M,food,2,3,0.0787,1.81
PB,M,food,2,3,0.0752,1.85
PB,M,food,2,3,0.083,1.92
BC,F,egg laying,2,3,0.0756,1.81
BC,F,food,2,3,0.0812,1.8
PB,F,egg laying,2,3,0.0785,2.35
BR,F,egg laying,2,3,0.0692,1.87
PB,F,food,2,3,NA,NA
BC,F,egg laying,2,3,0.0769,1.68
BR,F,egg laying,2,3,0.071,1.6
BC,M,food,3,3,0.0796,2.08
BC,F,egg laying,3,3,0.08,2.43
BR,F,food,3,3,0.0735,2.28
PB,F,egg laying,3,3,0.0799,2.48
BR,F,egg laying,3,3,0.0857,1.83
BC,M,food,3,3,0.0845,1.96
BR,F,egg laying,3,3,0.0757,2.23
HC,M,food,3,3,0.0701,2.57
PB,F,egg laying,3,3,0.0826,2.44
HC,F,food,3,3,0.084,2.6
BR,F,egg laying,3,3,0.0675,2.09
PB,F,egg laying,3,3,0.0764,2.12
PB,F,food,3,3,0.0678,2.1
HC,F,food,3,3,NA,NA
HC,F,egg laying,3,3,0.0682,2.53
BR,F,food,4,3,0.0736,2.13
PB,F,egg laying,4,3,0.0757,2.35
HC,M,food,4,3,0.0815,2.22
HC,F,egg laying,4,3,0.0654,2.27
BC,F,egg laying,4,3,0.0732,2.6
BC,M,food,4,3,0.0801,1.91
BC,M,food,4,3,0.0703,1.68
PB,F,egg laying,4,3,0.079,2.42
BR,F,egg laying,4,3,0.0813,1.75
PB,M,food,4,3,0.0713,2.47
BR,M,food,4,3,0.0773,1.6
BC,F,egg laying,4,3,0.068,1.68
BR,F,egg laying,4,3,0.0856,1.76
HC,F,egg laying,4,3,0.0706,2.39
HC,F,food,4,3,0.0684,2.39
HC,M,food,1,4,0.0885,1.88
PB,F,egg laying,1,4,0.0868,2.04
PB,F,egg laying,1,4,NA,NA
PB,F,food,1,4,0.1026,2.69
HC,F,egg laying,1,4,0.0921,1.94
BC,F,egg laying,1,4,0.1028,2.83
HC,F,food,1,4,0.0897,2.06
BR,F,food,1,4,0.0903,2.62
BC,F,food,1,4,0.0948,2.76
PB,M,food,1,4,0.1024,2.03
BC,M,food,1,4,0.0858,2.36
BC,F,egg laying,1,4,0.0967,2.2
BR,M,food,1,4,0.1053,2.57
BR,F,food,1,4,0.09,2.74
HC,F,food,1,4,0.0891,2.47
BC,F,egg laying,2,4,0.1051,1.64
HC,F,food,2,4,0.0925,1.73
BR,M,food,2,4,0.0976,2.4
BR,F,food,2,4,0.1072,2.18
HC,F,food,2,4,0.0829,1.76
HC,M,food,2,4,0.0986,1.83
PB,M,food,2,4,0.0968,1.9
PB,M,food,2,4,0.1071,1.94
BC,F,egg laying,2,4,0.0965,1.84
BC,F,food,2,4,0.0986,1.83
PB,F,egg laying,2,4,0.092,2.39
BR,F,egg laying,2,4,0.0889,1.92
PB,F,food,2,4,NA,NA
BC,F,egg laying,2,4,0.0983,1.7
BR,F,egg laying,2,4,0.0864,1.63
BC,M,food,3,4,0.1029,2.11
BC,F,egg laying,3,4,0.1058,2.47
BR,F,food,3,4,0.0951,2.32
PB,F,egg laying,3,4,0.1072,2.52
BR,F,egg laying,3,4,0.105,1.88
BC,M,food,3,4,0.1083,2
BR,F,egg laying,3,4,0.1029,2.25
HC,M,food,3,4,0.095,2.6
PB,F,egg laying,3,4,0.1059,2.48
HC,F,food,3,4,0.1104,2.63
BR,F,egg laying,3,4,0.0849,2.11
PB,F,egg laying,3,4,0.0989,2.16
PB,F,food,3,4,0.0858,2.13
HC,F,food,3,4,NA,NA
HC,F,egg laying,3,4,0.0911,2.56
BR,F,food,4,4,0.0907,2.16
PB,F,egg laying,4,4,0.0938,2.37
HC,M,food,4,4,0.0984,2.24
HC,F,egg laying,4,4,0.0859,2.3
BC,F,egg laying,4,4,0.0916,2.63
BC,M,food,4,4,0.1019,1.94
BC,M,food,4,4,0.0839,1.71
PB,F,egg laying,4,4,0.0942,2.45
BR,F,egg laying,4,4,0.0967,1.78
PB,M,food,4,4,0.0923,2.5
BR,M,food,4,4,0.0964,1.63
BC,F,egg laying,4,4,0.0817,1.71
BR,F,egg laying,4,4,0.105,1.79
HC,F,egg laying,4,4,0.0922,2.42
HC,F,food,4,4,0.0849,2.42
HC,M,food,1,5,0.1104,1.97
PB,F,egg laying,1,5,0.1119,2.1
PB,F,egg laying,1,5,NA,NA
PB,F,food,1,5,0.1246,2.77
HC,F,egg laying,1,5,0.1139,2.03
BC,F,egg laying,1,5,0.1231,2.9
HC,F,food,1,5,0.1131,2.13
BR,F,food,1,5,0.1172,2.69
BC,F,food,1,5,0.112,2.84
PB,M,food,1,5,0.1192,2.09
BC,M,food,1,5,0.1012,2.41
BC,F,egg laying,1,5,0.1227,2.27
BR,M,food,1,5,0.1299,2.65
BR,F,food,1,5,0.1124,2.8
HC,F,food,1,5,0.1185,2.53
BC,F,egg laying,2,5,0.1274,1.74
HC,F,food,2,5,0.1254,1.82
BR,M,food,2,5,0.1295,2.46
BR,F,food,2,5,0.1273,2.26
HC,F,food,2,5,0.106,1.81
HC,M,food,2,5,0.1141,1.89
PB,M,food,2,5,0.112,2.01
PB,M,food,2,5,0.1276,2
BC,F,egg laying,2,5,0.1112,1.92
BC,F,food,2,5,0.1307,1.93
PB,F,egg laying,2,5,0.1153,2.49
BR,F,egg laying,2,5,0.1125,2.01
PB,F,food,2,5,NA,NA
BC,F,egg laying,2,5,0.1234,1.77
BR,F,egg laying,2,5,0.1057,1.73
BC,M,food,3,5,0.123,2.19
BC,F,egg laying,3,5,0.1248,2.53
BR,F,food,3,5,0.1193,2.38
PB,F,egg laying,3,5,0.1394,2.58
BR,F,egg laying,3,5,0.1299,1.94
BC,M,food,3,5,0.1316,2.07
BR,F,egg laying,3,5,0.1297,2.35
HC,M,food,3,5,0.1278,2.69
PB,F,egg laying,3,5,0.1232,2.58
HC,F,food,3,5,0.1436,2.73
BR,F,egg laying,3,5,0.1207,2.17
PB,F,egg laying,3,5,0.12,2.23
PB,F,food,3,5,0.1147,2.21
HC,F,food,3,5,NA,NA
HC,F,egg laying,3,5,0.1128,2.63
BR,F,food,4,5,0.1161,2.21
PB,F,egg laying,4,5,0.1192,2.44
HC,M,food,4,5,0.1153,2.3
HC,F,egg laying,4,5,0.1006,2.36
BC,F,egg laying,4,5,0.1084,2.69
BC,M,food,4,5,0.1184,1.99
BC,M,food,4,5,0.109,1.79
PB,F,egg laying,4,5,0.1111,2.52
BR,F,egg laying,4,5,0.1229,1.84
PB,M,food,4,5,0.1128,2.55
BR,M,food,4,5,0.1104,1.68
BC,F,egg laying,4,5,0.101,1.76
BR,F,egg laying,4,5,0.1228,1.86
HC,F,egg laying,4,5,0.112,2.47
HC,F,food,4,5,0.1108,2.48
HC,M,food,1,6,0.1264,2.09
PB,F,egg laying,1,6,0.1307,2.22
PB,F,egg laying,1,6,NA,NA
PB,F,food,1,6,0.1445,2.9
HC,F,egg laying,1,6,0.1303,2.22
BC,F,egg laying,1,6,0.1398,3.05
HC,F,food,1,6,0.1267,2.26
BR,F,food,1,6,0.1327,2.84
BC,F,food,1,6,0.1282,2.94
PB,M,food,1,6,0.1387,2.2
BC,M,food,1,6,0.1178,2.59
BC,F,egg laying,1,6,0.1356,2.39
BR,M,food,1,6,0.1422,2.78
BR,F,food,1,6,0.1226,2.94
HC,F,food,1,6,NA,NA
BC,F,egg laying,2,6,0.1402,1.98
HC,F,food,2,6,0.1484,1.96
BR,M,food,2,6,0.1431,2.68
BR,F,food,2,6,0.1474,2.4
HC,F,food,2,6,0.1216,2.05
HC,M,food,2,6,0.1252,2.09
PB,M,food,2,6,0.1307,2.23
PB,M,food,2,6,0.1466,2.14
BC,F,egg laying,2,6,0.1213,2.04
BC,F,food,2,6,0.1435,2.11
PB,F,egg laying,2,6,NA,NA
BR,F,egg laying,2,6,0.1325,2.24
PB,F,food,2,6,NA,NA
BC,F,egg laying,2,6,0.1329,1.9
BR,F,egg laying,2,6,0.1172,1.85
BC,M,food,3,6,0.1401,2.4
BC,F,egg laying,3,6,0.1378,2.68
BR,F,food,3,6,0.1325,2.5
PB,F,egg laying,3,6,0.1596,2.76
BR,F,egg laying,3,6,0.1523,2.16
BC,M,food,3,6,0.1522,2.31
BR,F,egg laying,3,6,0.1415,2.5
HC,M,food,3,6,0.1402,2.88
PB,F,egg laying,3,6,0.1409,2.78
HC,F,food,3,6,0.1643,2.88
BR,F,egg laying,3,6,0.1327,2.4
PB,F,egg laying,3,6,0.132,2.44
PB,F,food,3,6,0.1331,2.38
HC,F,food,3,6,NA,NA
HC,F,egg laying,3,6,0.1346,2.76
BR,F,food,4,6,0.1285,2.36
PB,F,egg laying,4,6,0.1299,2.54
HC,M,food,4,6,0.1248,2.45
HC,F,egg laying,4,6,0.1158,2.5
BC,F,egg laying,4,6,0.1242,2.84
BC,M,food,4,6,0.1355,2.08
BC,M,food,4,6,0.1199,1.93
PB,F,egg laying,4,6,0.1232,2.65
BR,F,egg laying,4,6,0.1322,1.99
PB,M,food,4,6,0.1294,2.69
BR,M,food,4,6,0.1201,1.84
BC,F,egg laying,4,6,0.1161,1.86
BR,F,egg laying,4,6,0.1361,1.98
HC,F,egg laying,4,6,0.1282,2.59
HC,F,food,4,6,0.1236,2.61
HC,M,food,1,7,0.141,2.25
PB,F,egg laying,1,7,0.1429,2.39
PB,F,egg laying,1,7,NA,NA
PB,F,food,1,7,0.1586,3.04
HC,F,egg laying,1,7,0.1413,2.32
BC,F,egg laying,1,7,0.1512,3.18
HC,F,food,1,7,0.139,2.45
BR,F,food,1,7,0.1475,3.01
BC,F,food,1,7,0.1386,3.09
PB,M,food,1,7,0.1522,2.32
BC,M,food,1,7,0.1322,2.72
BC,F,egg laying,1,7,0.1493,2.52
BR,M,food,1,7,0.1544,2.92
BR,F,food,1,7,0.1327,3.1
HC,F,food,1,7,NA,NA
BC,F,egg laying,2,7,0.1547,2.15
HC,F,food,2,7,0.1633,2.15
BR,M,food,2,7,0.1579,2.81
BR,F,food,2,7,0.1635,2.57
HC,F,food,2,7,0.1381,2.19
HC,M,food,2,7,0.143,2.19
PB,M,food,2,7,0.1407,2.42
PB,M,food,2,7,0.1637,2.28
BC,F,egg laying,2,7,0.1373,2.16
BC,F,food,2,7,0.1548,2.24
PB,F,egg laying,2,7,NA,NA
BR,F,egg laying,2,7,0.1479,2.46
PB,F,food,2,7,NA,NA
BC,F,egg laying,2,7,0.1472,2.03
BR,F,egg laying,2,7,0.135,2.01
BC,M,food,3,7,0.1528,2.62
BC,F,egg laying,3,7,0.1504,2.82
BR,F,food,3,7,0.1495,2.66
PB,F,egg laying,3,7,0.1717,3
BR,F,egg laying,3,7,0.167,2.28
BC,M,food,3,7,0.1641,2.46
BR,F,egg laying,3,7,0.1535,2.74
HC,M,food,3,7,0.1578,3.05
PB,F,egg laying,3,7,0.157,2.94
HC,F,food,3,7,0.1806,3
BR,F,egg laying,3,7,0.1498,2.55
PB,F,egg laying,3,7,0.1487,2.57
PB,F,food,3,7,0.1486,2.61
HC,F,food,3,7,NA,NA
HC,F,egg laying,3,7,0.148,2.96
BR,F,food,4,7,0.1406,2.52
PB,F,egg laying,4,7,0.1399,2.65
HC,M,food,4,7,0.1363,2.56
HC,F,egg laying,4,7,0.1285,2.66
BC,F,egg laying,4,7,0.1355,3
BC,M,food,4,7,0.1463,2.25
BC,M,food,4,7,0.129,2.1
PB,F,egg laying,4,7,0.1328,2.79
BR,F,egg laying,4,7,0.1437,2.15
PB,M,food,4,7,0.1391,2.79
BR,M,food,4,7,0.1324,1.94
BC,F,egg laying,4,7,0.1264,1.97
BR,F,egg laying,4,7,0.1452,2.08
HC,F,egg laying,4,7,0.1398,2.68
HC,F,food,4,7,0.1363,2.75
HC,M,food,1,8,0.1643,2.36
PB,F,egg laying,1,8,0.1647,2.5
PB,F,egg laying,1,8,NA,NA
PB,F,food,1,8,0.1831,3.2
HC,F,egg laying,1,8,0.1641,2.49
BC,F,egg laying,1,8,0.1747,3.3
HC,F,food,1,8,0.1631,2.58
BR,F,food,1,8,0.1704,3.21
BC,F,food,1,8,0.1609,3.27
PB,M,food,1,8,0.1766,2.44
BC,M,food,1,8,0.1553,2.85
BC,F,egg laying,1,8,0.1705,2.69
BR,M,food,1,8,0.1748,3.05
BR,F,food,1,8,0.1555,3.29
HC,F,food,1,8,NA,NA
BC,F,egg laying,2,8,0.1733,2.37
HC,F,food,2,8,0.1865,2.31
BR,M,food,2,8,0.1797,2.95
BR,F,food,2,8,0.1837,2.73
HC,F,food,2,8,0.1591,2.29
HC,M,food,2,8,0.1724,2.29
PB,M,food,2,8,0.1605,2.66
PB,M,food,2,8,0.1928,2.46
BC,F,egg laying,2,8,0.1575,2.31
BC,F,food,2,8,0.1758,2.35
PB,F,egg laying,2,8,NA,NA
BR,F,egg laying,2,8,0.1688,2.67
PB,F,food,2,8,NA,NA
BC,F,egg laying,2,8,0.1729,2.24
BR,F,egg laying,2,8,0.1639,2.22
BC,M,food,3,8,0.1762,2.74
BC,F,egg laying,3,8,0.1786,2.99
BR,F,food,3,8,0.1747,2.84
PB,F,egg laying,3,8,0.1989,3.12
BR,F,egg laying,3,8,0.19,2.47
BC,M,food,3,8,0.1886,2.62
BR,F,egg laying,3,8,0.179,2.95
HC,M,food,3,8,0.1821,3.24
PB,F,egg laying,3,8,0.1804,3.15
HC,F,food,3,8,0.2052,3.17
BR,F,egg laying,3,8,0.1735,2.76
PB,F,egg laying,3,8,0.1779,2.79
PB,F,food,3,8,0.1775,2.84
HC,F,food,3,8,NA,NA
HC,F,egg laying,3,8,0.1718,3.16
BR,F,food,4,8,0.1586,2.62
PB,F,egg laying,4,8,0.1594,2.76
HC,M,food,4,8,0.1546,2.7
HC,F,egg laying,4,8,0.1469,2.79
BC,F,egg laying,4,8,0.154,3.16
BC,M,food,4,8,0.1673,2.37
BC,M,food,4,8,0.1508,2.24
PB,F,egg laying,4,8,0.151,2.94
BR,F,egg laying,4,8,0.1655,2.25
PB,M,food,4,8,0.1592,2.95
BR,M,food,4,8,0.1507,2.06
BC,F,egg laying,4,8,0.1465,2.12
BR,F,egg laying,4,8,0.1646,2.21
HC,F,egg laying,4,8,0.1599,2.78
HC,F,food,4,8,0.1574,2.9
HC,M,food,1,9,0.1904,2.48
PB,F,egg laying,1,9,0.1929,2.62
PB,F,egg laying,1,9,NA,NA
PB,F,food,1,9,0.2121,3.32
HC,F,egg laying,1,9,0.1893,2.64
BC,F,egg laying,1,9,0.2031,3.44
HC,F,food,1,9,0.1927,2.73
BR,F,food,1,9,0.1959,3.46
BC,F,food,1,9,0.1873,3.48
PB,M,food,1,9,0.2032,2.55
BC,M,food,1,9,0.1825,3.08
BC,F,egg laying,1,9,0.1992,2.87
BR,M,food,1,9,0.2025,3.16
BR,F,food,1,9,0.1809,3.44
HC,F,food,1,9,NA,NA
BC,F,egg laying,2,9,0.2018,2.51
HC,F,food,2,9,0.2167,2.56
BR,M,food,2,9,0.2065,3.05
BR,F,food,2,9,0.2073,2.89
HC,F,food,2,9,0.1859,2.45
HC,M,food,2,9,0.1959,2.42
PB,M,food,2,9,0.183,2.9
PB,M,food,2,9,0.223,2.73
BC,F,egg laying,2,9,0.1804,2.53
BC,F,food,2,9,0.1986,2.59
PB,F,egg laying,2,9,NA,NA
BR,F,egg laying,2,9,0.1943,2.77
PB,F,food,2,9,NA,NA
BC,F,egg laying,2,9,0.2063,2.41
BR,F,egg laying,2,9,0.1866,2.34
BC,M,food,3,9,0.2114,2.97
BC,F,egg laying,3,9,0.2077,3.17
BR,F,food,3,9,0.2039,3.14
PB,F,egg laying,3,9,0.2323,3.32
BR,F,egg laying,3,9,0.2207,2.62
BC,M,food,3,9,0.2239,2.76
BR,F,egg laying,3,9,0.213,3.07
HC,M,food,3,9,0.2165,3.41
PB,F,egg laying,3,9,0.2122,3.4
HC,F,food,3,9,0.2392,3.46
BR,F,egg laying,3,9,0.2037,2.96
PB,F,egg laying,3,9,0.21,3.02
PB,F,food,3,9,0.2129,3.09
HC,F,food,3,9,NA,NA
HC,F,egg laying,3,9,0.2061,3.46
BR,F,food,4,9,0.1834,2.81
PB,F,egg laying,4,9,0.1833,2.95
HC,M,food,4,9,0.178,2.9
HC,F,egg laying,4,9,0.1716,2.94
BC,F,egg laying,4,9,0.1785,3.34
BC,M,food,4,9,0.1918,2.55
BC,M,food,4,9,0.1735,2.34
PB,F,egg laying,4,9,0.1766,3.15
BR,F,egg laying,4,9,0.1903,2.44
PB,M,food,4,9,0.1855,3.1
BR,M,food,4,9,0.1747,2.17
BC,F,egg laying,4,9,0.1695,2.22
BR,F,egg laying,4,9,0.1881,2.35
HC,F,egg laying,4,9,0.1834,2.91
HC,F,food,4,9,0.183,3.06
HC,M,food,1,10,0.2213,2.63
PB,F,egg laying,1,10,0.2238,2.8
PB,F,egg laying,1,10,NA,NA
PB,F,food,1,10,0.2438,3.53
HC,F,egg laying,1,10,0.2213,2.81
BC,F,egg laying,1,10,0.2343,3.68
HC,F,food,1,10,0.2239,2.98
BR,F,food,1,10,0.2267,3.68
BC,F,food,1,10,0.218,3.66
PB,M,food,1,10,0.2351,2.73
BC,M,food,1,10,0.2134,3.32
BC,F,egg laying,1,10,0.2309,3.12
BR,M,food,1,10,0.2334,3.33
BR,F,food,1,10,0.2116,3.64
HC,F,food,1,10,NA,NA
BC,F,egg laying,2,10,0.2302,2.66
HC,F,food,2,10,0.2476,2.81
BR,M,food,2,10,0.2341,3.31
BR,F,food,2,10,0.2388,3.12
HC,F,food,2,10,0.2194,2.61
HC,M,food,2,10,0.2343,2.67
PB,M,food,2,10,0.216,3.06
PB,M,food,2,10,0.2564,2.97
BC,F,egg laying,2,10,0.209,2.82
BC,F,food,2,10,0.2297,2.86
PB,F,egg laying,2,10,NA,NA
BR,F,egg laying,2,10,0.2258,3.01
PB,F,food,2,10,NA,NA
BC,F,egg laying,2,10,0.2372,2.7
BR,F,egg laying,2,10,0.2192,2.56
BC,M,food,3,10,0.2479,3.16
BC,F,egg laying,3,10,0.245,3.44
BR,F,food,3,10,0.24,3.32
PB,F,egg laying,3,10,0.2678,3.49
BR,F,egg laying,3,10,0.2562,2.86
BC,M,food,3,10,0.2619,2.99
BR,F,egg laying,3,10,0.2489,3.24
HC,M,food,3,10,0.2541,3.67
PB,F,egg laying,3,10,0.2501,3.62
HC,F,food,3,10,0.2769,3.68
BR,F,egg laying,3,10,0.2395,3.23
PB,F,egg laying,3,10,0.2446,3.3
PB,F,food,3,10,0.251,3.36
HC,F,food,3,10,NA,NA
HC,F,egg laying,3,10,0.2436,3.65
BR,F,food,4,10,0.2109,3
PB,F,egg laying,4,10,0.2114,3.17
HC,M,food,4,10,0.206,3.05
HC,F,egg laying,4,10,0.199,3.14
BC,F,egg laying,4,10,0.2059,3.5
BC,M,food,4,10,0.2191,2.72
BC,M,food,4,10,0.2005,2.52
PB,F,egg laying,4,10,0.2046,3.3
BR,F,egg laying,4,10,NA,NA
PB,M,food,4,10,0.2134,3.31
BR,M,food,4,10,0.202,2.33
BC,F,egg laying,4,10,0.1974,2.39
BR,F,egg laying,4,10,0.2159,2.5
HC,F,egg laying,4,10,0.211,3.11
HC,F,food,4,10,0.2107,3.24
HC,M,food,1,11,0.2537,2.73
PB,F,egg laying,1,11,0.2546,2.95
PB,F,egg laying,1,11,NA,NA
PB,F,food,1,11,0.2746,3.66
HC,F,egg laying,1,11,0.252,2.92
BC,F,egg laying,1,11,0.2686,3.87
HC,F,food,1,11,0.2589,3.08
BR,F,food,1,11,0.2574,3.83
BC,F,food,1,11,0.253,3.81
PB,M,food,1,11,0.2688,2.91
BC,M,food,1,11,0.2477,3.49
BC,F,egg laying,1,11,0.2618,3.27
BR,M,food,1,11,0.268,3.45
BR,F,food,1,11,0.2425,3.81
HC,F,food,1,11,NA,NA
BC,F,egg laying,2,11,0.2689,2.81
HC,F,food,2,11,0.2835,2.97
BR,M,food,2,11,0.2717,3.5
BR,F,food,2,11,0.2682,3.29
HC,F,food,2,11,0.2512,2.7
HC,M,food,2,11,0.261,2.78
PB,M,food,2,11,0.2568,3.18
PB,M,food,2,11,0.2853,3.18
BC,F,egg laying,2,11,0.2369,3.04
BC,F,food,2,11,0.2655,2.97
PB,F,egg laying,2,11,NA,NA
BR,F,egg laying,2,11,0.2658,3.18
PB,F,food,2,11,NA,NA
BC,F,egg laying,2,11,0.2784,2.86
BR,F,egg laying,2,11,0.2479,2.69
BC,M,food,3,11,0.2827,3.37
BC,F,egg laying,3,11,0.2859,3.6
BR,F,food,3,11,0.2812,3.53
PB,F,egg laying,3,11,0.3085,3.68
BR,F,egg laying,3,11,0.2956,3
BC,M,food,3,11,0.3009,3.13
BR,F,egg laying,3,11,0.2863,3.43
HC,M,food,3,11,0.2944,3.81
PB,F,egg laying,3,11,0.2913,3.85
HC,F,food,3,11,0.3137,3.82
BR,F,egg laying,3,11,0.2757,3.44
PB,F,egg laying,3,11,0.2837,3.5
PB,F,food,3,11,0.2924,3.49
HC,F,food,3,11,NA,NA
HC,F,egg laying,3,11,0.2844,3.79
BR,F,food,4,11,0.2416,3.16
PB,F,egg laying,4,11,0.2408,3.28
HC,M,food,4,11,0.2368,3.23
HC,F,egg laying,4,11,0.2261,3.29
BC,F,egg laying,4,11,0.2362,3.66
BC,M,food,4,11,0.2467,2.86
BC,M,food,4,11,0.2306,2.66
PB,F,egg laying,4,11,0.2345,3.42
BR,F,egg laying,4,11,NA,NA
PB,M,food,4,11,0.2418,3.42
BR,M,food,4,11,0.23,2.45
BC,F,egg laying,4,11,0.2248,2.51
BR,F,egg laying,4,11,0.2435,2.62
HC,F,egg laying,4,11,0.2409,3.21
HC,F,food,4,11,0.24,3.37
HC,M,food,1,12,0.2875,2.88
PB,F,egg laying,1,12,0.2923,3.15
PB,F,egg laying,1,12,NA,NA
PB,F,food,1,12,0.3129,3.79
HC,F,egg laying,1,12,0.2877,3.11
BC,F,egg laying,1,12,0.3061,3.99
HC,F,food,1,12,0.2922,3.22
BR,F,food,1,12,0.2907,4
BC,F,food,1,12,0.2861,3.95
PB,M,food,1,12,0.3084,3.03
BC,M,food,1,12,0.285,3.63
BC,F,egg laying,1,12,0.2996,3.4
BR,M,food,1,12,0.3041,3.65
BR,F,food,1,12,0.2793,3.93
HC,F,food,1,12,NA,NA
BC,F,egg laying,2,12,0.3068,2.99
HC,F,food,2,12,0.3249,3.19
BR,M,food,2,12,0.3089,3.67
BR,F,food,2,12,0.3022,3.52
HC,F,food,2,12,0.2921,2.83
HC,M,food,2,12,0.2994,2.95
PB,M,food,2,12,0.2927,3.34
PB,M,food,2,12,0.3308,3.41
BC,F,egg laying,2,12,0.2779,3.23
BC,F,food,2,12,0.2971,3.2
PB,F,egg laying,2,12,NA,NA
BR,F,egg laying,2,12,0.2965,3.38
PB,F,food,2,12,NA,NA
BC,F,egg laying,2,12,0.32,3
BR,F,egg laying,2,12,0.2925,2.79
BC,M,food,3,12,0.3301,3.55
BC,F,egg laying,3,12,0.3261,3.77
BR,F,food,3,12,0.3231,3.68
PB,F,egg laying,3,12,0.3497,3.88
BR,F,egg laying,3,12,0.3436,3.2
BC,M,food,3,12,0.3413,3.29
BR,F,egg laying,3,12,0.3274,3.65
HC,M,food,3,12,0.3413,4.02
PB,F,egg laying,3,12,0.3314,3.99
HC,F,food,3,12,0.3569,3.95
BR,F,egg laying,3,12,0.3174,3.68
PB,F,egg laying,3,12,0.3255,3.69
PB,F,food,3,12,0.3317,3.65
HC,F,food,3,12,NA,NA
HC,F,egg laying,3,12,0.3235,4.01
BR,F,food,4,12,0.2721,3.29
PB,F,egg laying,4,12,0.2727,3.44
HC,M,food,4,12,0.2718,3.35
HC,F,egg laying,4,12,0.2559,3.41
BC,F,egg laying,4,12,0.267,3.75
BC,M,food,4,12,0.2777,2.98
BC,M,food,4,12,0.2642,2.82
PB,F,egg laying,4,12,0.2696,3.55
BR,F,egg laying,4,12,NA,NA
PB,M,food,4,12,0.2717,3.54
BR,M,food,4,12,0.2636,2.6
BC,F,egg laying,4,12,0.257,2.67
BR,F,egg laying,4,12,0.2757,2.72
HC,F,egg laying,4,12,0.2754,3.38
HC,F,food,4,12,0.2712,3.49
HC,M,food,1,13,0.3236,3.09
PB,F,egg laying,1,13,0.327,3.35
PB,F,egg laying,1,13,NA,NA
PB,F,food,1,13,0.3518,4.08
HC,F,egg laying,1,13,0.3217,3.39
BC,F,egg laying,1,13,0.3397,4.27
HC,F,food,1,13,0.3267,3.42
BR,F,food,1,13,0.3248,4.23
BC,F,food,1,13,0.3195,4.21
PB,M,food,1,13,0.3438,3.27
BC,M,food,1,13,0.3201,3.86
BC,F,egg laying,1,13,0.335,3.61
BR,M,food,1,13,0.3423,3.89
BR,F,food,1,13,0.3179,4.18
HC,F,food,1,13,NA,NA
BC,F,egg laying,2,13,0.3419,3.32
HC,F,food,2,13,0.3566,3.45
BR,M,food,2,13,0.3556,3.96
BR,F,food,2,13,0.3447,3.73
HC,F,food,2,13,0.3269,3.01
HC,M,food,2,13,0.3305,3.29
PB,M,food,2,13,0.3353,3.61
PB,M,food,2,13,0.3628,3.6
BC,F,egg laying,2,13,0.3152,3.42
BC,F,food,2,13,0.3271,3.54
PB,F,egg laying,2,13,NA,NA
BR,F,egg laying,2,13,0.3339,3.62
PB,F,food,2,13,NA,NA
BC,F,egg laying,2,13,0.3492,3.3
BR,F,egg laying,2,13,0.3291,3
BC,M,food,3,13,0.3686,3.83
BC,F,egg laying,3,13,0.3716,4.01
BR,F,food,3,13,0.3633,3.94
PB,F,egg laying,3,13,0.3936,4.23
BR,F,egg laying,3,13,0.3826,3.55
BC,M,food,3,13,0.3887,3.64
BR,F,egg laying,3,13,NA,NA
HC,M,food,3,13,0.3847,4.26
PB,F,egg laying,3,13,0.3699,4.22
HC,F,food,3,13,0.4004,4.27
BR,F,egg laying,3,13,0.3622,3.97
PB,F,egg laying,3,13,0.3644,3.97
PB,F,food,3,13,0.3781,3.93
HC,F,food,3,13,NA,NA
HC,F,egg laying,3,13,0.3667,4.25
BR,F,food,4,13,0.3057,3.53
PB,F,egg laying,4,13,0.3068,3.65
HC,M,food,4,13,0.302,3.6
HC,F,egg laying,4,13,0.2863,3.67
BC,F,egg laying,4,13,0.2984,3.97
BC,M,food,4,13,0.3119,3.17
BC,M,food,4,13,0.298,3.04
PB,F,egg laying,4,13,0.3037,3.81
BR,F,egg laying,4,13,NA,NA
PB,M,food,4,13,0.306,3.74
BR,M,food,4,13,0.2985,2.79
BC,F,egg laying,4,13,0.2899,2.87
BR,F,egg laying,4,13,0.3092,2.94
HC,F,egg laying,4,13,0.3094,3.64
HC,F,food,4,13,0.3017,3.74
HC,M,food,1,14,0.3626,3.37
PB,F,egg laying,1,14,0.3676,3.58
PB,F,egg laying,1,14,NA,NA
PB,F,food,1,14,0.3874,4.33
HC,F,egg laying,1,14,0.3558,3.69
BC,F,egg laying,1,14,0.3799,4.48
HC,F,food,1,14,0.3611,3.69
BR,F,food,1,14,0.3608,4.48
BC,F,food,1,14,0.355,4.5
PB,M,food,1,14,0.3784,3.49
BC,M,food,1,14,0.359,4.13
BC,F,egg laying,1,14,0.3768,3.87
BR,M,food,1,14,0.3793,4.1
BR,F,food,1,14,0.3538,4.38
HC,F,food,1,14,NA,NA
BC,F,egg laying,2,14,0.3754,3.62
HC,F,food,2,14,0.3992,3.77
BR,M,food,2,14,0.405,4.25
BR,F,food,2,14,0.3867,4.06
HC,F,food,2,14,0.3688,3.24
HC,M,food,2,14,0.364,3.52
PB,M,food,2,14,0.3676,3.87
PB,M,food,2,14,0.4011,3.94
BC,F,egg laying,2,14,0.356,3.77
BC,F,food,2,14,0.3759,3.89
PB,F,egg laying,2,14,NA,NA
BR,F,egg laying,2,14,0.3671,3.82
PB,F,food,2,14,NA,NA
BC,F,egg laying,2,14,0.3838,3.59
BR,F,egg laying,2,14,0.3729,3.21
BC,M,food,3,14,0.4166,4.12
BC,F,egg laying,3,14,0.4105,4.35
BR,F,food,3,14,0.4033,4.19
PB,F,egg laying,3,14,0.4377,4.55
BR,F,egg laying,3,14,0.4268,3.86
BC,M,food,3,14,0.433,4
BR,F,egg laying,3,14,NA,NA
HC,M,food,3,14,0.4348,4.61
PB,F,egg laying,3,14,0.4092,4.57
HC,F,food,3,14,0.4502,4.57
BR,F,egg laying,3,14,0.407,4.2
PB,F,egg laying,3,14,0.4108,4.22
PB,F,food,3,14,0.4235,4.16
HC,F,food,3,14,NA,NA
HC,F,egg laying,3,14,0.4168,4.51
BR,F,food,4,14,0.3356,3.76
PB,F,egg laying,4,14,0.3369,3.9
HC,M,food,4,14,0.3327,3.86
HC,F,egg laying,4,14,0.3197,3.91
BC,F,egg laying,4,14,0.3284,4.17
BC,M,food,4,14,0.3447,3.38
BC,M,food,4,14,0.3326,3.22
PB,F,egg laying,4,14,0.3394,4.01
BR,F,egg laying,4,14,NA,NA
PB,M,food,4,14,0.3368,3.97
BR,M,food,4,14,0.3313,3.02
BC,F,egg laying,4,14,0.3211,3.1
BR,F,egg laying,4,14,0.3437,3.19
HC,F,egg laying,4,14,0.3452,3.88
HC,F,food,4,14,0.3359,3.93
HC,M,food,1,15,0.4021,3.69
PB,F,egg laying,1,15,0.4043,3.84
PB,F,egg laying,1,15,NA,NA
PB,F,food,1,15,0.4252,4.67
HC,F,egg laying,1,15,0.3968,4.04
BC,F,egg laying,1,15,0.4167,4.75
HC,F,food,1,15,0.3995,3.94
BR,F,food,1,15,0.4004,4.75
BC,F,food,1,15,0.3941,4.81
PB,M,food,1,15,0.4169,3.81
BC,M,food,1,15,0.4001,4.46
BC,F,egg laying,1,15,0.4159,4.2
BR,M,food,1,15,0.4166,4.36
BR,F,food,1,15,0.3904,4.64
HC,F,food,1,15,NA,NA
BC,F,egg laying,2,15,0.4233,4.02
HC,F,food,2,15,0.4382,4
BR,M,food,2,15,0.4496,4.58
BR,F,food,2,15,0.4298,4.36
HC,F,food,2,15,0.4033,3.48
HC,M,food,2,15,0.407,3.87
PB,M,food,2,15,0.3994,4.09
PB,M,food,2,15,0.4445,4.29
BC,F,egg laying,2,15,0.4007,4.09
BC,F,food,2,15,0.422,4.12
PB,F,egg laying,2,15,NA,NA
BR,F,egg laying,2,15,0.3989,4.12
PB,F,food,2,15,NA,NA
BC,F,egg laying,2,15,0.4164,3.83
BR,F,egg laying,2,15,0.4115,3.55
BC,M,food,3,15,0.4626,4.42
BC,F,egg laying,3,15,0.4535,4.66
BR,F,food,3,15,0.4508,4.6
PB,F,egg laying,3,15,0.4881,4.92
BR,F,egg laying,3,15,0.4761,4.16
BC,M,food,3,15,0.4789,4.4
BR,F,egg laying,3,15,NA,NA
HC,M,food,3,15,0.4795,5.02
PB,F,egg laying,3,15,0.4514,4.87
HC,F,food,3,15,0.4998,4.87
BR,F,egg laying,3,15,0.453,4.57
PB,F,egg laying,3,15,0.4576,4.51
PB,F,food,3,15,0.4696,4.49
HC,F,food,3,15,NA,NA
HC,F,egg laying,3,15,0.4659,4.83
BR,F,food,4,15,0.3718,4.02
PB,F,egg laying,4,15,0.3727,4.17
HC,M,food,4,15,0.3673,4.12
HC,F,egg laying,4,15,0.3541,4.15
BC,F,egg laying,4,15,0.3648,4.4
BC,M,food,4,15,0.3808,3.64
BC,M,food,4,15,0.3692,3.48
PB,F,egg laying,4,15,0.374,4.27
BR,F,egg laying,4,15,NA,NA
PB,M,food,4,15,0.3723,4.27
BR,M,food,4,15,0.3647,3.28
BC,F,egg laying,4,15,0.3548,3.33
BR,F,egg laying,4,15,0.3776,3.45
HC,F,egg laying,4,15,0.382,4.15
HC,F,food,4,15,0.3722,4.2
HC,M,food,1,16,0.4455,4.04
PB,F,egg laying,1,16,0.4488,4.2
PB,F,egg laying,1,16,NA,NA
PB,F,food,1,16,0.4699,4.99
HC,F,egg laying,1,16,0.4412,4.37
BC,F,egg laying,1,16,0.4596,5.01
HC,F,food,1,16,0.4444,4.18
BR,F,food,1,16,0.4452,4.98
BC,F,food,1,16,0.4374,5.03
PB,M,food,1,16,0.46,4.18
BC,M,food,1,16,0.4446,4.69
BC,F,egg laying,1,16,0.458,4.5
BR,M,food,1,16,0.4607,4.63
BR,F,food,1,16,0.4329,4.88
HC,F,food,1,16,NA,NA
BC,F,egg laying,2,16,0.4761,4.25
HC,F,food,2,16,0.489,4.26
BR,M,food,2,16,0.5019,4.97
BR,F,food,2,16,0.4819,4.74
HC,F,food,2,16,0.4556,3.78
HC,M,food,2,16,0.4448,4.15
PB,M,food,2,16,0.4427,4.48
PB,M,food,2,16,0.4937,4.74
BC,F,egg laying,2,16,0.4401,4.5
BC,F,food,2,16,0.4715,4.38
PB,F,egg laying,2,16,NA,NA
BR,F,egg laying,2,16,0.4494,4.36
PB,F,food,2,16,NA,NA
BC,F,egg laying,2,16,0.4643,4.02
BR,F,egg laying,2,16,0.4491,3.89
BC,M,food,3,16,0.5158,4.73
BC,F,egg laying,3,16,0.5046,5.12
BR,F,food,3,16,0.4997,4.87
PB,F,egg laying,3,16,0.5402,5.23
BR,F,egg laying,3,16,0.5247,4.64
BC,M,food,3,16,0.5282,4.86
BR,F,egg laying,3,16,NA,NA
HC,M,food,3,16,0.5306,5.35
PB,F,egg laying,3,16,0.5039,5.25
HC,F,food,3,16,0.5519,5.12
BR,F,egg laying,3,16,0.506,5.02
PB,F,egg laying,3,16,0.5098,4.79
PB,F,food,3,16,0.5196,4.73
HC,F,food,3,16,NA,NA
HC,F,egg laying,3,16,0.5158,5.21
BR,F,food,4,16,0.411,4.21
PB,F,egg laying,4,16,0.4106,4.47
HC,M,food,4,16,0.4054,4.31
HC,F,egg laying,4,16,0.3926,4.5
BC,F,egg laying,4,16,0.4033,4.71
BC,M,food,4,16,0.419,3.87
BC,M,food,4,16,0.4072,3.83
PB,F,egg laying,4,16,0.4128,4.57
BR,F,egg laying,4,16,NA,NA
PB,M,food,4,16,0.411,4.5
BR,M,food,4,16,0.4031,3.61
BC,F,egg laying,4,16,0.3931,3.59
BR,F,egg laying,4,16,0.4163,3.65
HC,F,egg laying,4,16,0.4212,4.4
HC,F,food,4,16,0.4117,4.41
HC,M,food,1,17,0.4921,4.43
PB,F,egg laying,1,17,0.4976,4.52
PB,F,egg laying,1,17,NA,NA
PB,F,food,1,17,0.5156,5.36
HC,F,egg laying,1,17,0.4881,4.76
BC,F,egg laying,1,17,0.5057,5.38
HC,F,food,1,17,0.49,4.51
BR,F,food,1,17,0.4909,5.37
BC,F,food,1,17,0.4865,5.35
PB,M,food,1,17,0.5066,4.5
BC,M,food,1,17,0.49,5.07
BC,F,egg laying,1,17,0.5037,4.85
BR,M,food,1,17,0.5098,4.95
BR,F,food,1,17,0.4782,5.28
HC,F,food,1,17,NA,NA
BC,F,egg laying,2,17,0.519,4.56
HC,F,food,2,17,0.5315,4.71
BR,M,food,2,17,0.5511,5.39
BR,F,food,2,17,0.5376,5.12
HC,F,food,2,17,0.5136,4.07
HC,M,food,2,17,0.4993,4.56
PB,M,food,2,17,0.4938,4.77
PB,M,food,2,17,0.5335,5.01
BC,F,egg laying,2,17,0.4841,4.79
BC,F,food,2,17,0.5171,4.73
PB,F,egg laying,2,17,NA,NA
BR,F,egg laying,2,17,0.5085,4.79
PB,F,food,2,17,NA,NA
BC,F,egg laying,2,17,0.5094,4.48
BR,F,egg laying,2,17,0.5085,4.33
BC,M,food,3,17,0.5709,5.08
BC,F,egg laying,3,17,0.5619,5.6
BR,F,food,3,17,0.5525,5.29
PB,F,egg laying,3,17,0.5969,5.64
BR,F,egg laying,3,17,0.5795,5.03
BC,M,food,3,17,0.5802,5.23
BR,F,egg laying,3,17,NA,NA
HC,M,food,3,17,0.5906,5.82
PB,F,egg laying,3,17,0.5581,5.73
HC,F,food,3,17,0.6063,5.58
BR,F,egg laying,3,17,0.5632,5.37
PB,F,egg laying,3,17,0.5647,5.26
PB,F,food,3,17,0.5745,5.16
HC,F,food,3,17,NA,NA
HC,F,egg laying,3,17,0.5676,5.6
BR,F,food,4,17,0.4545,4.53
PB,F,egg laying,4,17,0.4533,4.81
HC,M,food,4,17,0.4462,4.62
HC,F,egg laying,4,17,0.4355,4.8
BC,F,egg laying,4,17,0.447,4.99
BC,M,food,4,17,0.4624,4.15
BC,M,food,4,17,0.4502,4.14
PB,F,egg laying,4,17,0.4537,4.9
BR,F,egg laying,4,17,NA,NA
PB,M,food,4,17,0.4517,4.82
BR,M,food,4,17,0.4454,3.92
BC,F,egg laying,4,17,0.4336,3.91
BR,F,egg laying,4,17,0.459,3.94
HC,F,egg laying,4,17,0.4648,4.73
HC,F,food,4,17,0.4538,4.68
HC,M,food,1,18,0.5381,4.64
PB,F,egg laying,1,18,0.5477,4.92
PB,F,egg laying,1,18,NA,NA
PB,F,food,1,18,0.5609,5.67
HC,F,egg laying,1,18,0.5439,5.1
BC,F,egg laying,1,18,0.5592,5.6
HC,F,food,1,18,0.5359,4.73
BR,F,food,1,18,0.5468,5.68
BC,F,food,1,18,0.5438,5.71
PB,M,food,1,18,0.5604,4.72
BC,M,food,1,18,0.546,5.38
BC,F,egg laying,1,18,0.5535,5.13
BR,M,food,1,18,0.5679,5.27
BR,F,food,1,18,0.5263,5.59
HC,F,food,1,18,NA,NA
BC,F,egg laying,2,18,0.5686,4.77
HC,F,food,2,18,0.5889,5.06
BR,M,food,2,18,0.5998,5.86
BR,F,food,2,18,0.5778,5.47
HC,F,food,2,18,0.5726,4.44
HC,M,food,2,18,0.565,4.95
PB,M,food,2,18,0.5553,5.01
PB,M,food,2,18,0.6003,5.24
BC,F,egg laying,2,18,0.5462,5.14
BC,F,food,2,18,0.5842,5.16
PB,F,egg laying,2,18,NA,NA
BR,F,egg laying,2,18,0.557,5.12
PB,F,food,2,18,NA,NA
BC,F,egg laying,2,18,0.5739,4.9
BR,F,egg laying,2,18,0.5772,4.56
BC,M,food,3,18,0.6297,5.46
BC,F,egg laying,3,18,0.6246,5.93
BR,F,food,3,18,0.6194,5.54
PB,F,egg laying,3,18,0.6629,5.99
BR,F,egg laying,3,18,0.6458,5.46
BC,M,food,3,18,0.6451,5.57
BR,F,egg laying,3,18,NA,NA
HC,M,food,3,18,0.6568,6.11
PB,F,egg laying,3,18,0.6228,5.99
HC,F,food,3,18,0.664,5.88
BR,F,egg laying,3,18,0.6155,5.85
PB,F,egg laying,3,18,0.6303,5.72
PB,F,food,3,18,0.6404,5.42
HC,F,food,3,18,NA,NA
HC,F,egg laying,3,18,0.6371,5.86
BR,F,food,4,18,0.4964,4.74
PB,F,egg laying,4,18,0.4954,5.04
HC,M,food,4,18,0.4896,4.95
HC,F,egg laying,4,18,0.4863,5.06
BC,F,egg laying,4,18,0.4952,5.31
BC,M,food,4,18,0.5033,4.41
BC,M,food,4,18,0.4925,4.32
PB,F,egg laying,4,18,0.5055,5.1
BR,F,egg laying,4,18,NA,NA
PB,M,food,4,18,0.4929,5.01
BR,M,food,4,18,0.4894,4.23
BC,F,egg laying,4,18,0.4743,4.13
BR,F,egg laying,4,18,0.5112,4.16
HC,F,egg laying,4,18,0.5143,5.03
HC,F,food,4,18,0.4992,4.9
HC,M,food,1,19,0.5932,4.8
PB,F,egg laying,1,19,0.6087,5.04
PB,F,egg laying,1,19,NA,NA
PB,F,food,1,19,0.6149,5.84
HC,F,egg laying,1,19,0.6054,5.22
BC,F,egg laying,1,19,0.6124,5.76
HC,F,food,1,19,0.5975,4.87
BR,F,food,1,19,0.5984,5.86
BC,F,food,1,19,0.6033,5.84
PB,M,food,1,19,0.6138,4.85
BC,M,food,1,19,0.6094,5.53
BC,F,egg laying,1,19,0.6152,5.24
BR,M,food,1,19,0.6303,5.42
BR,F,food,1,19,0.5799,5.75
HC,F,food,1,19,NA,NA
BC,F,egg laying,2,19,0.6336,4.86
HC,F,food,2,19,0.6644,5.21
BR,M,food,2,19,0.6445,6.03
BR,F,food,2,19,0.6349,5.61
HC,F,food,2,19,0.632,4.61
HC,M,food,2,19,0.6199,5.17
PB,M,food,2,19,0.6069,5.13
PB,M,food,2,19,0.6592,5.47
BC,F,egg laying,2,19,0.6049,5.35
BC,F,food,2,19,0.6542,5.32
PB,F,egg laying,2,19,NA,NA
BR,F,egg laying,2,19,0.611,5.26
PB,F,food,2,19,NA,NA
BC,F,egg laying,2,19,0.623,5.01
BR,F,egg laying,2,19,0.6408,4.73
BC,M,food,3,19,0.6898,5.61
BC,F,egg laying,3,19,0.6939,6.08
BR,F,food,3,19,0.6843,5.75
PB,F,egg laying,3,19,0.7345,6.12
BR,F,egg laying,3,19,0.7072,5.61
BC,M,food,3,19,0.7047,5.7
BR,F,egg laying,3,19,NA,NA
HC,M,food,3,19,0.7335,6.28
PB,F,egg laying,3,19,0.6963,6.19
HC,F,food,3,19,0.7247,6.1
BR,F,egg laying,3,19,0.6807,6.05
PB,F,egg laying,3,19,0.6883,5.92
PB,F,food,3,19,0.7012,5.66
HC,F,food,3,19,NA,NA
HC,F,egg laying,3,19,0.712,6.08
BR,F,food,4,19,0.543,4.91
PB,F,egg laying,4,19,0.552,5.21
HC,M,food,4,19,0.5369,5.09
HC,F,egg laying,4,19,0.5339,5.2
BC,F,egg laying,4,19,0.5512,5.4
BC,M,food,4,19,0.5554,4.55
BC,M,food,4,19,0.5471,4.45
PB,F,egg laying,4,19,0.5596,5.22
BR,F,egg laying,4,19,NA,NA
PB,M,food,4,19,0.5457,5.11
BR,M,food,4,19,0.54,4.38
BC,F,egg laying,4,19,0.5235,4.26
BR,F,egg laying,4,19,0.5624,4.27
HC,F,egg laying,4,19,0.5671,5.14
HC,F,food,4,19,0.5447,5.07
HC,M,food,1,20,0.6588,4.97
PB,F,egg laying,1,20,0.6735,5.3
PB,F,egg laying,1,20,NA,NA
PB,F,food,1,20,0.6748,6.09
HC,F,egg laying,1,20,0.669,5.34
BC,F,egg laying,1,20,0.6707,5.89
HC,F,food,1,20,0.6619,5.13
BR,F,food,1,20,0.6683,6.08
BC,F,food,1,20,0.6689,5.99
PB,M,food,1,20,0.6813,5.02
BC,M,food,1,20,0.6661,5.69
BC,F,egg laying,1,20,0.6847,5.42
BR,M,food,1,20,0.6915,5.65
BR,F,food,1,20,0.642,6.04
HC,F,food,1,20,NA,NA
BC,F,egg laying,2,20,0.6867,5.12
HC,F,food,2,20,0.7238,5.31
BR,M,food,2,20,0.7092,6.32
BR,F,food,2,20,0.7044,5.84
HC,F,food,2,20,0.6982,4.94
HC,M,food,2,20,0.6714,5.29
PB,M,food,2,20,0.684,5.3
PB,M,food,2,20,0.7176,5.7
BC,F,egg laying,2,20,0.6834,5.62
BC,F,food,2,20,0.7375,5.56
PB,F,egg laying,2,20,NA,NA
BR,F,egg laying,2,20,0.6805,5.59
PB,F,food,2,20,NA,NA
BC,F,egg laying,2,20,0.6788,5.21
BR,F,egg laying,2,20,0.7201,4.95
BC,M,food,3,20,0.7601,5.95
BC,F,egg laying,3,20,0.7635,6.29
BR,F,food,3,20,0.7657,6.01
PB,F,egg laying,3,20,0.8031,6.33
BR,F,egg laying,3,20,0.7873,5.91
BC,M,food,3,20,0.7853,6.05
BR,F,egg laying,3,20,NA,NA
HC,M,food,3,20,0.8092,6.49
PB,F,egg laying,3,20,0.7651,6.41
HC,F,food,3,20,0.7937,6.4
BR,F,egg laying,3,20,0.7487,6.23
PB,F,egg laying,3,20,0.7703,6.24
PB,F,food,3,20,0.7764,5.92
HC,F,food,3,20,NA,NA
HC,F,egg laying,3,20,0.7947,6.3
BR,F,food,4,20,0.5999,5.13
PB,F,egg laying,4,20,0.6046,5.4
HC,M,food,4,20,0.594,5.33
HC,F,egg laying,4,20,0.5924,5.29
BC,F,egg laying,4,20,0.6128,5.63
BC,M,food,4,20,0.613,4.65
BC,M,food,4,20,0.6043,4.67
PB,F,egg laying,4,20,0.6127,5.34
BR,F,egg laying,4,20,NA,NA
PB,M,food,4,20,0.5987,5.29
BR,M,food,4,20,0.5946,4.5
BC,F,egg laying,4,20,0.5832,4.4
BR,F,egg laying,4,20,0.6172,4.49
HC,F,egg laying,4,20,0.6272,5.23
HC,F,food,4,20,0.5995,5.18
HC,M,food,1,21,0.7379,5.36
PB,F,egg laying,1,21,0.7454,5.49
PB,F,egg laying,1,21,NA,NA
PB,F,food,1,21,0.7531,6.49
HC,F,egg laying,1,21,0.7432,5.55
BC,F,egg laying,1,21,0.7313,6.21
HC,F,food,1,21,0.7284,5.29
BR,F,food,1,21,0.7337,6.36
BC,F,food,1,21,0.733,6.14
PB,M,food,1,21,0.7561,5.22
BC,M,food,1,21,0.7274,5.89
BC,F,egg laying,1,21,0.7611,5.64
BR,M,food,1,21,0.7651,5.96
BR,F,food,1,21,0.7144,6.33
HC,F,food,1,21,NA,NA
BC,F,egg laying,2,21,0.7662,5.21
HC,F,food,2,21,0.8117,5.72
BR,M,food,2,21,0.7761,6.55
BR,F,food,2,21,0.7722,5.99
HC,F,food,2,21,0.7937,5.41
HC,M,food,2,21,0.7518,5.65
PB,M,food,2,21,0.7723,5.39
PB,M,food,2,21,0.7729,5.83
BC,F,egg laying,2,21,0.7588,6.07
BC,F,food,2,21,0.7995,5.8
PB,F,egg laying,2,21,NA,NA
BR,F,egg laying,2,21,0.7353,5.77
PB,F,food,2,21,NA,NA
BC,F,egg laying,2,21,0.7657,5.56
BR,F,egg laying,2,21,0.793,5.19
BC,M,food,3,21,0.8408,6.2
BC,F,egg laying,3,21,0.8547,6.46
BR,F,food,3,21,0.8387,6.23
PB,F,egg laying,3,21,0.8808,6.54
BR,F,egg laying,3,21,0.8794,6.11
BC,M,food,3,21,0.8643,6.38
BR,F,egg laying,3,21,NA,NA
HC,M,food,3,21,0.8861,6.63
PB,F,egg laying,3,21,0.8551,6.76
HC,F,food,3,21,0.8832,6.56
BR,F,egg laying,3,21,0.8344,6.51
PB,F,egg laying,3,21,0.8498,6.57
PB,F,food,3,21,0.8656,6.22
HC,F,food,3,21,NA,NA
HC,F,egg laying,3,21,0.8854,6.73
BR,F,food,4,21,0.6545,5.42
PB,F,egg laying,4,21,0.6638,5.56
HC,M,food,4,21,0.6604,5.52
HC,F,egg laying,4,21,0.6576,5.38
BC,F,egg laying,4,21,0.6683,5.77
BC,M,food,4,21,0.6719,4.86
BC,M,food,4,21,0.6706,5.02
PB,F,egg laying,4,21,0.6693,5.66
BR,F,egg laying,4,21,NA,NA
PB,M,food,4,21,0.6627,5.61
BR,M,food,4,21,0.6648,4.82
BC,F,egg laying,4,21,0.6509,4.64
BR,F,egg laying,4,21,0.6764,4.73
HC,F,egg laying,4,21,0.6847,5.5
HC,F,food,4,21,0.6623,5.31
HC,M,food,1,22,0.7902,5.72
PB,F,egg laying,1,22,0.8076,5.8
PB,F,egg laying,1,22,NA,NA
PB,F,food,1,22,0.8336,6.87
HC,F,egg laying,1,22,0.7937,5.74
BC,F,egg laying,1,22,0.7987,6.52
HC,F,food,1,22,0.8094,5.42
BR,F,food,1,22,0.814,6.53
BC,F,food,1,22,0.8126,6.39
PB,M,food,1,22,0.8161,5.47
BC,M,food,1,22,0.7876,6.16
BC,F,egg laying,1,22,0.8292,5.79
BR,M,food,1,22,0.8499,6.18
BR,F,food,1,22,0.7955,6.71
HC,F,food,1,22,NA,NA
BC,F,egg laying,2,22,0.825,5.49
HC,F,food,2,22,0.8889,6.17
BR,M,food,2,22,0.8479,6.87
BR,F,food,2,22,0.8302,6.16
HC,F,food,2,22,0.8378,5.56
HC,M,food,2,22,0.8042,6.01
PB,M,food,2,22,0.8686,5.77
PB,M,food,2,22,0.8285,6.1
BC,F,egg laying,2,22,0.823,6.22
BC,F,food,2,22,0.8802,6.03
PB,F,egg laying,2,22,NA,NA
BR,F,egg laying,2,22,0.8008,6.24
PB,F,food,2,22,NA,NA
BC,F,egg laying,2,22,0.841,6.03
BR,F,egg laying,2,22,0.8904,5.66
BC,M,food,3,22,0.9276,6.54
BC,F,egg laying,3,22,0.929,6.63
BR,F,food,3,22,0.8992,6.6
PB,F,egg laying,3,22,0.9515,6.74
BR,F,egg laying,3,22,0.9476,6.41
BC,M,food,3,22,0.9496,6.59
BR,F,egg laying,3,22,NA,NA
HC,M,food,3,22,0.9551,6.86
PB,F,egg laying,3,22,0.9332,7.15
HC,F,food,3,22,0.9839,6.86
BR,F,egg laying,3,22,0.9178,6.94
PB,F,egg laying,3,22,0.9387,7
PB,F,food,3,22,0.9319,6.34
HC,F,food,3,22,NA,NA
HC,F,egg laying,3,22,0.946,7.12
BR,F,food,4,22,0.7122,5.75
PB,F,egg laying,4,22,0.7165,5.87
HC,M,food,4,22,0.7151,5.67
HC,F,egg laying,4,22,0.728,5.6
BC,F,egg laying,4,22,0.7313,6
BC,M,food,4,22,0.7418,5.16
BC,M,food,4,22,0.7278,5.16
PB,F,egg laying,4,22,0.7344,5.85
BR,F,egg laying,4,22,NA,NA
PB,M,food,4,22,0.7275,5.78
BR,M,food,4,22,0.7189,5.01
BC,F,egg laying,4,22,0.7069,4.93
BR,F,egg laying,4,22,0.7415,5
HC,F,egg laying,4,22,0.75,5.8
HC,F,food,4,22,0.7189,5.48
HC,M,food,1,23,0.8606,6.03
PB,F,egg laying,1,23,0.869,6.18
PB,F,egg laying,1,23,NA,NA
PB,F,food,1,23,0.9066,7.19
HC,F,egg laying,1,23,0.8744,6.12
BC,F,egg laying,1,23,0.8627,6.9
HC,F,food,1,23,0.9012,5.79
BR,F,food,1,23,0.902,6.85
BC,F,food,1,23,0.8804,6.72
PB,M,food,1,23,0.8741,5.79
BC,M,food,1,23,0.8672,6.46
BC,F,egg laying,1,23,0.9141,6.12
BR,M,food,1,23,0.9064,6.52
BR,F,food,1,23,0.8895,7.08
HC,F,food,1,23,NA,NA
BC,F,egg laying,2,23,0.9139,5.84
HC,F,food,2,23,0.9387,6.48
BR,M,food,2,23,0.9416,7.19
BR,F,food,2,23,0.8863,6.63
HC,F,food,2,23,0.9014,5.93
HC,M,food,2,23,0.8843,6.42
PB,M,food,2,23,0.9739,6.14
PB,M,food,2,23,0.8818,6.56
BC,F,egg laying,2,23,0.9124,6.5
BC,F,food,2,23,0.9339,6.36
PB,F,egg laying,2,23,NA,NA
BR,F,egg laying,2,23,0.8904,6.52
PB,F,food,2,23,NA,NA
BC,F,egg laying,2,23,0.8973,6.45
BR,F,egg laying,2,23,0.9456,5.93
BC,M,food,3,23,1.0403,6.9
BC,F,egg laying,3,23,1.0078,7.02
BR,F,food,3,23,0.9768,7.06
PB,F,egg laying,3,23,1.0204,7.12
BR,F,egg laying,3,23,1.0252,6.76
BC,M,food,3,23,1.051,6.95
BR,F,egg laying,3,23,NA,NA
HC,M,food,3,23,1.0351,7.3
PB,F,egg laying,3,23,1.0397,7.54
HC,F,food,3,23,1.048,7.31
BR,F,egg laying,3,23,1.0041,7.33
PB,F,egg laying,3,23,1.0082,7.44
PB,F,food,3,23,1.0204,6.74
HC,F,food,3,23,NA,NA
HC,F,egg laying,3,23,1.0289,7.57
BR,F,food,4,23,0.7782,6.05
PB,F,egg laying,4,23,0.7679,6.19
HC,M,food,4,23,0.7777,5.96
HC,F,egg laying,4,23,0.8016,5.94
BC,F,egg laying,4,23,0.7841,6.32
BC,M,food,4,23,0.8044,5.46
BC,M,food,4,23,0.8105,5.45
PB,F,egg laying,4,23,0.784,6.18
BR,F,egg laying,4,23,NA,NA
PB,M,food,4,23,0.7978,6.08
BR,M,food,4,23,0.7951,5.32
BC,F,egg laying,4,23,0.7784,5.21
BR,F,egg laying,4,23,0.8058,5.34
HC,F,egg laying,4,23,0.8261,6.08
HC,F,food,4,23,0.7858,5.79
HC,M,food,1,24,0.9528,6.33
PB,F,egg laying,1,24,0.9593,6.53
PB,F,egg laying,1,24,NA,NA
PB,F,food,1,24,0.9716,7.55
HC,F,egg laying,1,24,0.9692,6.48
BC,F,egg laying,1,24,0.9335,7.3
HC,F,food,1,24,0.969,6.15
BR,F,food,1,24,0.9755,7.23
BC,F,food,1,24,0.9542,7.11
PB,M,food,1,24,0.9637,6.18
BC,M,food,1,24,0.9303,6.81
BC,F,egg laying,1,24,1.0066,6.48
BR,M,food,1,24,0.9767,6.82
BR,F,food,1,24,0.9672,7.46
HC,F,food,1,24,NA,NA
BC,F,egg laying,2,24,1.0121,6.2
HC,F,food,2,24,1.0049,6.95
BR,M,food,2,24,1.0068,7.49
BR,F,food,2,24,0.9454,6.9
HC,F,food,2,24,1.0113,6.3
HC,M,food,2,24,0.9883,6.81
PB,M,food,2,24,1.0498,6.57
PB,M,food,2,24,0.9356,6.97
BC,F,egg laying,2,24,1.0097,6.87
BC,F,food,2,24,0.9932,6.68
PB,F,egg laying,2,24,NA,NA
BR,F,egg laying,2,24,0.9904,6.97
PB,F,food,2,24,NA,NA
BC,F,egg laying,2,24,1.0029,6.9
BR,F,egg laying,2,24,1.0421,6.31
BC,M,food,3,24,1.1183,7.35
BC,F,egg laying,3,24,1.0934,7.43
BR,F,food,3,24,1.0873,7.51
PB,F,egg laying,3,24,1.1265,7.47
BR,F,egg laying,3,24,1.1246,7.22
BC,M,food,3,24,1.1431,7.39
BR,F,egg laying,3,24,NA,NA
HC,M,food,3,24,1.1506,7.72
PB,F,egg laying,3,24,1.1322,7.92
HC,F,food,3,24,1.1399,7.73
BR,F,egg laying,3,24,1.0878,7.77
PB,F,egg laying,3,24,1.1167,7.85
PB,F,food,3,24,1.0902,7.13
HC,F,food,3,24,NA,NA
HC,F,egg laying,3,24,1.1474,7.99
BR,F,food,4,24,0.8532,6.37
PB,F,egg laying,4,24,0.8477,6.53
HC,M,food,4,24,0.8575,6.27
HC,F,egg laying,4,24,0.8754,6.28
BC,F,egg laying,4,24,0.8654,6.66
BC,M,food,4,24,0.8815,5.76
BC,M,food,4,24,0.8711,5.72
PB,F,egg laying,4,24,0.8603,6.5
BR,F,egg laying,4,24,NA,NA
PB,M,food,4,24,0.8654,6.41
BR,M,food,4,24,0.8645,5.63
BC,F,egg laying,4,24,0.8559,5.51
BR,F,egg laying,4,24,0.8921,5.69
HC,F,egg laying,4,24,0.8879,6.41
HC,F,food,4,24,0.869,6.08
